Row,Confidence,Score,Source Model,Source Type,Source Pixels,Dest Model,Dest Type,Dest Pixels,Reason,F:Name,F:Spatial,F:Shape,F:Type,F:Pixels,Correct Dest Model,Training Comments
1,HIGH,0.94,Arch 1,Arch,150,Arch 1,Arch,300,Name match · Position match · Shape match · Type match,1,0.92,1,1,0.5,Arch 1,
2,HIGH,0.94,Arch 2,Arch,150,Arch 2,Arch,300,Name match · Position match · Shape match · Type match,1,0.93,1,1,0.5,Arch 2,
3,HIGH,0.94,Arch 3,Arch,150,Arch 3,Arch,300,Name match · Position match · Shape match · Type match,1,0.93,1,1,0.5,Arch 3,
4,HIGH,0.94,Arch 4,Arch,150,Arch 4,Arch,300,Name match · Position match · Shape match · Type match,1,0.91,1,1,0.5,Arch 4,
5,HIGH,0.93,Arch 5,Arch,150,Arch 5,Arch,300,Name match · Position match · Shape match · Type match,1,0.89,1,1,0.5,Arch 5,
6,HIGH,0.81,Eave 25 - Garage Right,Roofline,24,Garage Right,Line,43,Name match · Shape match,0.95,0.59,1,0.7,0.56,NONE,you will see a lot of house specific terminology (office; garage; door; etc) - in those cases I would move type to the first matching criteria and move name to last - I can give a list of these
7,HIGH,0.89,Mega Tree,Mega Tree,3000,Mega Tree,Tree,3200,Name match · Shape match · Node count match,1,0.74,1,0.7,0.94,Mega Tree,
8,HIGH,0.82,Pole 1,Pole,300,Pixel Pole 1,Pole,400,Name match · Position match · Shape mismatch · Type match,1,0.96,0,1,0.75,Pixel Pole 1,
9,HIGH,0.81,Pole 2,Pole,300,Pixel Pole 2,Pole,400,Name match · Position match · Shape mismatch · Type match,1,0.91,0,1,0.75,Pixel Pole 2,
10,HIGH,0.86,Tree - Small 2,Tree,60,Mini Tree 2,Tree,180,Name match · Shape match · Type match · Node count differs (60 vs 180),1,0.66,1,1,0.33,Mini Tree 2,
11,HIGH,0.88,Tree - Small 3,Tree,60,Mini Tree 3,Tree,180,Name match · Shape match · Type match · Node count differs (60 vs 180),1,0.73,1,1,0.33,Mini Tree 3,
12,HIGH,0.89,Tree - Small 4,Tree,60,Mini Tree 4,Tree,180,Name match · Shape match · Type match · Node count differs (60 vs 180),1,0.79,1,1,0.33,Mini Tree 4,
13,HIGH,0.9,Tree - Small 5,Tree,60,Mini Tree 5,Tree,180,Name match · Shape match · Type match · Node count differs (60 vs 180),1,0.8,1,1,0.33,Mini Tree 5,
14,HIGH,0.91,Tree - Small 6,Tree,60,Mini Tree 6,Tree,180,Name match · Position match · Shape match · Type match · Node count differs (60 vs 180),1,0.87,1,1,0.33,Mini Tree 6,
15,HIGH,0.83,Tree - Spiral 1,Spiral Tree,100,Spiral 1,Tree,100,Name match · Shape match · Node count match,0.85,0.71,1,0.7,1,Spiral 1,
16,HIGH,0.83,Tree - Spiral 2,Spiral Tree,100,Spiral 2,Tree,100,Name match · Shape match · Node count match,0.85,0.7,1,0.7,1,Spiral 2,
17,HIGH,0.83,Tree - Spiral 3,Spiral Tree,100,Spiral 3,Tree,100,Name match · Shape match · Node count match,0.85,0.69,1,0.7,1,Spiral 3,
18,HIGH,0.83,Tree - Spiral 4,Spiral Tree,100,Spiral 4,Tree,100,Name match · Shape match · Node count match,0.85,0.69,1,0.7,1,Spiral 4,
19,HIGH,0.82,Tree - Spiral 5,Spiral Tree,100,Spiral 5,Tree,100,Name match · Shape match · Node count match,0.85,0.67,1,0.7,1,Spiral 5,
20,HIGH,0.84,Tree - Spiral 6,Spiral Tree,100,Spiral 6,Tree,50,Name match · Position match · Shape match,0.85,0.9,1,0.7,0.5,Spiral 6,
21,HIGH,0.84,Tree - Spiral 7,Spiral Tree,100,Spiral 7,Tree,50,Name match · Position match · Shape match,0.85,0.89,1,0.7,0.5,Spiral 7,
22,HIGH,0.84,Tree - Spiral 8,Spiral Tree,100,Spiral 8,Tree,50,Name match · Position match · Shape match,0.85,0.89,1,0.7,0.5,Spiral 8,
23,HIGH,0.86,Tree Real 1 - Trunk,Tree,200,Mini Tree 1,Tree,180,Fuzzy name match · Position match · Shape match · Type match · Node count match,0.8,0.8,1,1,0.9,NONE,we should excclude the real tree models from the mapping tool - they are too broad and vague and ultimately give false positives (trunk; tree 1-3)
24,MEDIUM,0.74,Arch 6,Arch,150,Center Arch 2,Line,100,Name match · Shape match · Type mismatch,0.85,0.77,1,0,0.67,Center Arch 2,I would move this to a Medium match - it's ok but not idea because this is a different type than the source
25,MEDIUM,0.7,Arch 7,Arch,150,Center Arch 1,Line,100,Name match · Shape match · Type mismatch,0.85,0.64,1,0,0.67,Center Arch 1,same as row 25
26,MEDIUM,0.64,Arch 8,Arch,150,GE SpinArchy Elite 2,Arch,839,Position match · Shape match · Type match · Node count differs (150 vs 839),0.35,0.86,1,1,0.18,NONE,Definitely not - Spinarchy is a very robust model; Arch 8 is a simple arch model - I think when pixel count difference is high the confidence has to go down a level; let's start with drift = 0 = 1; drift 1-99=.5; drift 100-499 = .25; drive > 500 = 0.
27,MEDIUM,0.59,Bat 1,Bat,50,MovingHead 1,Custom,16,Shape match · Node count differs (50 vs 16),0.33,0.78,1,0.7,0.32,NONE,Never match to anything called moving head - those are specific flood lights with DMX - omit anything like MH or Moving Head from our matching.
28,MEDIUM,0.59,Bat 2,Bat,50,MovingHead 2,Custom,16,Shape match · Node count differs (50 vs 16),0.33,0.79,1,0.7,0.32,NONE,
29,MEDIUM,0.59,Bat 3,Bat,50,MovingHead 3,Custom,16,Shape match · Node count differs (50 vs 16),0.33,0.78,1,0.7,0.32,NONE,
30,MEDIUM,0.59,Bat 4,Bat,50,MovingHead 4,Custom,16,Shape match · Node count differs (50 vs 16),0.33,0.77,1,0.7,0.32,NONE,
31,MEDIUM,0.59,Bat 5,Bat,50,MovingHead 5,Custom,16,Shape match · Node count differs (50 vs 16),0.33,0.78,1,0.7,0.32,NONE,
32,MEDIUM,0.59,Bat 6,Bat,50,MovingHead 6,Custom,16,Shape match · Node count differs (50 vs 16),0.33,0.77,1,0.7,0.32,NONE,
33,MEDIUM,0.58,Bat 7,Bat,50,MovingHead 7,Custom,16,Shape match · Node count differs (50 vs 16),0.33,0.74,1,0.7,0.32,NONE,
34,MEDIUM,0.66,Eave 20 - Guest Bath Right,Roofline,35,Roof Hor Right 2,Line,41,Position match · Shape match,0.33,0.91,1,0.7,0.85,Roof Hor Right 2,A good medium guess
35,MEDIUM,0.72,Eave 21 - Garage 1,Roofline,40,Garage Ice Shadow 1,Line,220,Fuzzy name match · Shape match · Node count differs (40 vs 220),0.7,0.77,1,0.7,0.18,Garage Ice Shadow 1,use new node count drift logic
36,MEDIUM,0.79,Eave 22 - Garage Left,Roofline,20,Garage Left,Line,43,Name match · Shape match · Node count differs (20 vs 43),0.95,0.57,1,0.7,0.47,Garage Left,medium is perfect- node count drift
37,MEDIUM,0.7,Firework 1,Spiral Tree,360,Twig 1,Tree,200,Fuzzy name match · Position match · Shape match,0.5,0.9,1,0.7,0.56,Twig 1,I see he has things called Fireworks - maybe he didn't expose the individual models called Firework 1 and Firework 2 and only has the Group listed - this one gets tricky - but we will need to look for group names where children names don't exist and lower our confidence in our match into the child destinations.  This is a low or no match for me.
38,MEDIUM,0.65,Floods 1,Flood,2,Flood 1,Line,1,Name match · Shape match · Type mismatch,0.85,0.5,1,0,0.5,Flood 1,I would rank this one as high
39,MEDIUM,0.65,Floods 2,Flood,2,Flood 2,Line,1,Name match · Shape match · Type mismatch,0.85,0.49,1,0,0.5,Flood 2,I would rank this one as high
40,MEDIUM,0.64,Floods 3,Flood,2,Flood 3,Line,1,Name match · Shape match · Type mismatch,0.85,0.45,1,0,0.5,Flood 3,I would rank this one as high
41,MEDIUM,0.64,Floods 4,Flood,2,Flood 4,Line,1,Name match · Shape match · Type mismatch,0.85,0.45,1,0,0.5,Flood 4,I would rank this one as high
42,MEDIUM,0.72,GE Rosa Tomb 1,Tombstone,485,GE Rosa Grande 1,Wreath,1392,Name match · Shape match · Type mismatch · Node count differs (485 vs 1392),0.91,0.71,1,0,0.35,NONE,"Something that may happen (and it is a good example) is we're trying to match a halloween layout to a christmas layout or vice-versa - we should plug in logic to scrape for key indicators: halloween would be spider; bat; ghost; pumpkin while christmas would be wreath; snowflake or flake; bow; star; candy cane or cane) - we can use that info to determine if we're trying to match to a layout that is the right holiday - in this case I would suggest, since we're seeing stars/snowflakes/I think he has some canes etc - we should assume it's the wrong holiday and not try to fuzzy match any of our  key indicators (tomb on christmas is likely a non-starter for mapping)"
43,MEDIUM,0.69,GE Rosa Tomb 2,Tombstone,485,GE Fuzion 2,Custom,996,Fuzzy name match · Shape match · Node count differs (485 vs 996),0.57,0.75,1,0.7,0.49,NONE,same as above
44,MEDIUM,0.63,GE Rosa Tomb 3,Tombstone,485,GE Fuzion 1,Custom,996,Shape match · Node count differs (485 vs 996),0.43,0.74,1,0.7,0.49,NONE,same as above
45,MEDIUM,0.59,GE Rosa Tomb 4,Tombstone,485,GE King Diamond 2,Custom,661,Position match,0.43,0.87,0.4,0.7,0.73,NONE,same as above
46,MEDIUM,0.8,Matrix,Matrix,7168,Matrix 1,Matrix,114688,Name match · Shape match · Type match · Node count differs (7168 vs 114688),0.85,0.74,1,1,0.06,Matrix 1,"I would say this is high - there's usually only one or two matrixes in any given display - usually Matrix 1 or Matrix Main or Matrix Garage is the ""main"" one which maps to mine"
47,MEDIUM,0.79,Pole 3,Pole,300,Pixel Pole 3,Pole,400,Name match · Position match · Shape mismatch · Type match,1,0.85,0,1,0.75,Pixel Pole 3,perfect match - assume pixel pole and pole are the same exact thing - I would move to high (not sure where poles 1 and 2 went?)
48,MEDIUM,0.78,Pole 4,Pole,300,Pixel Pole 4,Pole,400,Name match · Shape mismatch · Type match,1,0.8,0,1,0.75,Pixel Pole 4,perfect match - assume pixel pole and pole are the same exact thing - I would move to high (not sure where poles 1 and 2 went?)
49,MEDIUM,0.77,Pole 5,Pole,300,Pixel Pole 5,Pole,400,Name match · Shape mismatch · Type match,1,0.74,0,1,0.75,Pixel Pole 5,perfect match - assume pixel pole and pole are the same exact thing - I would move to high (not sure where poles 1 and 2 went?)
50,MEDIUM,0.75,Pole 6,Pole,300,Pixel Pole 6,Pole,400,Name match · Shape mismatch · Type match,1,0.69,0,1,0.75,Pixel Pole 6,perfect match - assume pixel pole and pole are the same exact thing - I would move to high (not sure where poles 1 and 2 went?)
51,MEDIUM,0.74,Pole 7,Pole,300,Pixel Pole 7,Pole,400,Name match · Shape mismatch · Type match,1,0.64,0,1,0.75,Pixel Pole 7,perfect match - assume pixel pole and pole are the same exact thing - I would move to high (not sure where poles 1 and 2 went?)
52,MEDIUM,0.73,Pole 8,Pole,300,Pixel Pole 8,Pole,400,Name match · Shape mismatch · Type match,1,0.58,0,1,0.75,Pixel Pole 8,perfect match - assume pixel pole and pole are the same exact thing - I would move to high (not sure where poles 1 and 2 went?)
53,MEDIUM,0.65,Singing Pumpkin,Singing Face,263,Singing Bulb 350 2,Singing Face,350,Position match · Type match,0.45,0.91,0.4,1,0.75,Singing Bulb 350 2,"this is a great match even though we found out it's a holiday mismatch - ""singing"" is a good indicator of a very specific prop designed to sing along to the music."
53-sub,MEDIUM,,Singing Pumpkin Outline,,?px,Screw Outline,,39px,,,,,,,Screw Outline,same as 54
54,MEDIUM,0.75,Spider - Tree Topper,Spider,350,Tree Topper,Star,270,Name match · Shape match · Type mismatch,0.95,0.65,1,0,0.77,Tree Topper,great match - medium is good but almost a high given how tight it is - I like medium in this case because of the holiday mismatch - if we were confident in holiday match this would be a high for me
55,MEDIUM,0.77,Tree - Medium 2,Tree,84,Mini Tree 7,Tree,180,Fuzzy name match · Position match · Shape match · Type match · Node count differs (84 vs 180),0.6,0.91,1,1,0.47,Mini Tree 7,I like this as medium - perfect - we took a little leap and did some math - we matched up our 6 smalls but the mediums were still dangling and this makes since
56,MEDIUM,0.63,Tree Real 2,Tree,250,Twig 2,Tree,200,Shape match · Type match,0.25,0.78,1,1,0.8,NONE,"again, let's exclude tree real from our own list - it's very unique to my display - there are way too many things called ""Tree"" in the industry - we have to be very diligent anytime we see Tree"
57,MEDIUM,0.7,Tree Real 3,Tree,250,GE Singing Tree 500 Node,Tree,500,Position match · Shape match · Type match,0.45,0.83,1,1,0.5,NONE,"again, let's exclude tree real from our own list - it's very unique to my display - there are way too many things called ""Tree"" in the industry - we have to be very diligent anytime we see Tree"
58,MEDIUM,0.73,Tree Real 4,Tree,250,Mini Tree 8,Tree,180,Fuzzy name match · Shape match · Type match,0.6,0.67,1,1,0.72,NONE,"Not sure where Tree Medium 1 ended up but this would e a great candidate for Tree-Medium 1 or 2 (and Mini Tree 7 lining up with the other one, depending on layout position)"
59,MEDIUM,0.72,Vert 2 - Office 2,Line,75,House Vert C1,Line,122,Fuzzy name match · Shape match · Type match,0.6,0.65,1,1,0.61,House Vert C1,"All of these as medium is perfect, house lines (eaves/verts) are best left to the relative layout position once we get the fuzzy matching close"
60,MEDIUM,0.72,Vert 3 - Tower 1,Line,40,House Vert Upper L,Line,46,Position match · Shape match · Type match,0.38,0.91,1,1,0.87,House Vert Upper L,"All of these as medium is perfect, house lines (eaves/verts) are best left to the relative layout position once we get the fuzzy matching close"
61,MEDIUM,0.78,Vert 4 - Entrance 1,Line,59,Roof Vert Left 1,Line,55,Fuzzy name match · Position match · Shape match · Type match · Node count match,0.57,0.84,1,1,0.93,Roof Vert Left 1,"All of these as medium is perfect, house lines (eaves/verts) are best left to the relative layout position once we get the fuzzy matching close"
62,MEDIUM,0.66,Vert 5 - Entrance 2,Line,60,House Vert Lower L,Line,57,Shape match · Type match · Node count match,0.38,0.64,1,1,0.95,House Vert Lower L,"All of these as medium is perfect, house lines (eaves/verts) are best left to the relative layout position once we get the fuzzy matching close"
63,MEDIUM,0.75,Vert 7 - Dining,Line,114,House Vert C2,Line,122,Fuzzy name match · Shape match · Type match · Node count match,0.6,0.67,1,1,0.93,House Vert C2,"All of these as medium is perfect, house lines (eaves/verts) are best left to the relative layout position once we get the fuzzy matching close"
64,MEDIUM,0.65,Vert 10 - Guest 2,Line,57,House Vert Lower R,Line,57,Shape match · Type match · Node count match,0.33,0.66,1,1,1,House Vert Lower R,"All of these as medium is perfect, house lines (eaves/verts) are best left to the relative layout position once we get the fuzzy matching close"
65,MEDIUM,0.71,Vert 11 - Ellis,Line,48,House Vert Upper R,Line,46,Position match · Shape match · Type match · Node count match,0.33,0.92,1,1,0.96,House Vert Upper R,"All of these as medium is perfect, house lines (eaves/verts) are best left to the relative layout position once we get the fuzzy matching close"
66,MEDIUM,0.66,Vert 13 - Garage 1,Line,78,Garage Top,Line,107,Shape match · Type match,0.37,0.75,1,1,0.73,Garage Top,"All of these as medium is perfect, house lines (eaves/verts) are best left to the relative layout position once we get the fuzzy matching close"
67,MEDIUM,0.69,Vert 14 - Garage 2,Line,78,Garage Ice Shadow 2,Line,200,Fuzzy name match · Shape match · Type match · Node count differs (78 vs 200),0.53,0.71,1,1,0.39,Garage Ice Shadow 2,I think our new node count drift rules will move this to low - which is how I would rank it
68,MEDIUM,0.74,Vert 15 - Garage 3,Line,61,Roof Vert Right 3,Line,134,Fuzzy name match · Position match · Shape match · Type match · Node count differs (61 vs 134),0.57,0.83,1,1,0.46,Roof Vert Right 3,"All of these as medium is perfect, house lines (eaves/verts) are best left to the relative layout position once we get the fuzzy matching close"
69,MEDIUM,0.6,Window - Avery,Window,92,Window Matix 2,Matrix,1728,Fuzzy name match · Position match · Shape match · Type mismatch · Node count differs (92 vs 1728),0.53,0.93,1,0,0.05,NONE,I would omit matrix from getting mapping from anything other than type matrix for now- we can add exceptions later
70,MEDIUM,0.6,Window - Garage,Window,108,Window Matix 1,Matrix,1728,Fuzzy name match · Position match · Shape match · Type mismatch · Node count differs (108 vs 1728),0.53,0.93,1,0,0.06,NONE,I would omit matrix from getting mapping from anything other than type matrix for now- we can add exceptions later
71,MEDIUM,0.6,Window - Office,Window,140,Window Matix 4,Matrix,2160,Fuzzy name match · Position match · Shape match · Type mismatch · Node count differs (140 vs 2160),0.53,0.91,1,0,0.06,NONE,I would omit matrix from getting mapping from anything other than type matrix for now- we can add exceptions later
72,MEDIUM,0.6,Window - Tower,Window,58,Window Matix 3,Matrix,2160,Fuzzy name match · Position match · Shape match · Type mismatch · Node count differs (58 vs 2160),0.53,0.94,1,0,0.03,NONE,I would omit matrix from getting mapping from anything other than type matrix for now- we can add exceptions later
73,LOW,0.52,All - Arches - GRP,GRP,0,Arches GRP,GRP,0,Name match · Type match,1,0.5,0.5,1,0.5,Arches GRP,"I would rank this as high - groups really can only be matched on name/type - you will see a bunch of way to denote ""Group"" = All; GRP; Group; just using an 's' at the end - etc - go with high confidence if you match the main word 100% and lower it a little the more fuzzy the main (root) word match is - in this case (and most groups below - these would all be high)"
74,LOW,0.52,All - Eaves - GRP,GRP,0,Eaves GRP,GRP,0,Name match · Type match,1,0.5,0.5,1,0.5,Eaves GRP,"I would rank this as high - groups really can only be matched on name/type - you will see a bunch of way to denote ""Group"" = All; GRP; Group; just using an 's' at the end - etc - go with high confidence if you match the main word 100% and lower it a little the more fuzzy the main (root) word match is - in this case (and most groups below - these would all be high)"
75,LOW,0.52,All - Fireworks - GRP,GRP,0,Fireworks GRP,GRP,0,Name match · Type match,1,0.5,0.5,1,0.5,Fireworks GRP,"I would rank this as high - groups really can only be matched on name/type - you will see a bunch of way to denote ""Group"" = All; GRP; Group; just using an 's' at the end - etc - go with high confidence if you match the main word 100% and lower it a little the more fuzzy the main (root) word match is - in this case (and most groups below - these would all be high)"
76,LOW,0.47,All - House - GRP,GRP,0,House Verts GRP,GRP,0,Name match · Type match,0.85,0.5,0.5,1,0.5,House Verts GRP,"I would rank this as high - groups really can only be matched on name/type - you will see a bunch of way to denote ""Group"" = All; GRP; Group; just using an 's' at the end - etc - go with high confidence if you match the main word 100% and lower it a little the more fuzzy the main (root) word match is - in this case (and most groups below - these would all be high)"
77,LOW,0.36,All - House Outlines - GRP,GRP,0,Whole House No Yard GRP,GRP,0,Fuzzy name match · Type match,0.53,0.5,0.5,1,0.5,Whole House No Yard GRP,"The exception to group matching is the word ""No"" - when you see NO in the group title on either side we need to be more stringent in our matching logic, if the other side doesn't have ""no"" then do not match ever"
78,LOW,0.52,All - Mini Trees - GRP,GRP,0,Mini Trees GRP,GRP,0,Name match · Type match,1,0.5,0.5,1,0.5,Mini Trees GRP,high
79,LOW,0.48,All - No Spinners No Tree - GRP,GRP,0,NONE,GRP,0,Name match · Type match,0.87,0.5,0.5,1,0.5,Mega Tree GRP,back to the NO logic
80,LOW,0.52,All - Pixel Forest - GRP,GRP,0,Pixel Forest GRP,GRP,0,Name match · Type match,1,0.5,0.5,1,0.5,Pixel Forest GRP,high
81,LOW,0.52,All - Pixels - GRP,GRP,0,All Pixels GRP,GRP,0,Name match · Type match,1,0.5,0.5,1,0.5,All Pixels GRP,high
82,LOW,0.47,All - Poles - GRP,GRP,0,Pixel Poles GRP,GRP,0,Name match · Type match,0.85,0.5,0.5,1,0.5,Pixel Poles GRP,high
83,LOW,0.52,All - Spiral Trees - GRP,GRP,0,Spiral Trees GRP,GRP,0,Name match · Type match,1,0.5,0.5,1,0.5,Spiral Trees GRP,high
84,LOW,0.52,All - Tombstones GE Rosa - GRP,GRP,0,NONE,GRP,0,Name match · Type match,1,0.5,0.5,1,0.5,GE Rosa Grande GRP,this one was tricky because the vendor uses the same wording for different props - whenever you see GE in front of a prop it will need to be exact match for now - we can update this later
85,LOW,0.42,All - Trees - Real - GRP,GRP,0,Twig Trees GRP,GRP,0,Fuzzy name match · Type match,0.7,0.5,0.5,1,0.5,Twig Trees GRP,high
86,LOW,0.52,All - Windows - GRP,GRP,0,Windows GRP,GRP,0,Name match · Type match,1,0.5,0.5,1,0.5,Windows GRP,high
87,LOW,0.4,All - Yard - GRP,GRP,0,All Pixels GRP - No Yard,GRP,0,Fuzzy name match · Type match,0.65,0.5,0.5,1,0.5,All Pixels GRP - No Yard,No logic
88,LOW,0.48,Arches - Inner - GRP,GRP,0,Patio Arches GRP,GRP,0,Name match · Type match,0.87,0.5,0.5,1,0.5,Patio Arches GRP,"good low example - probably not, but if it is we saved them a click"
89,LOW,0.48,Arches - Outer - GRP,GRP,0,Arches Triple GRP,GRP,0,Name match · Type match,0.87,0.5,0.5,1,0.5,Arches Triple GRP,"this one's tricky - this may be a better match for our All Arches - GRP because we have triple arches actually - but since this display has a few types of arches we had to pick one - I would note our arches as triple and would likely map this up there instead - one other note, you may have to look inside the group at the model level to make final determinations on these matches."
90,LOW,0.52,GE Fuzion Arrowhead GRP,GRP,0,GE Fuzion Flower GRP,GRP,0,Name match · Type match,1,0.5,0.5,1,0.5,GE Fuzion Flower GRP,I'm ok taking a stab at submodels - exact matches are going to be rare here - we should rely on size/shape more than in any other category (after name fails)
91,LOW,0.52,GE Fuzion Feather Even GRP,GRP,0,GE Fuzion Feather Even GRP,GRP,0,Name match · Type match,1,0.5,0.5,1,0.5,GE Fuzion Feather Even GRP,I'm ok taking a stab at submodels - exact matches are going to be rare here - we should rely on size/shape more than in any other category (after name fails)
92,LOW,0.52,GE Fuzion Feather Odd GRP,GRP,0,GE Fuzion Feather Odd GRP,GRP,0,Name match · Type match,1,0.5,0.5,1,0.5,GE Fuzion Feather Odd GRP,I'm ok taking a stab at submodels - exact matches are going to be rare here - we should rely on size/shape more than in any other category (after name fails)
93,LOW,0.52,GE Fuzion Flower GRP,GRP,0,GE Fuzion GRP,GRP,0,Name match · Type match,1,0.5,0.5,1,0.5,GE Fuzion GRP,I'm ok taking a stab at submodels - exact matches are going to be rare here - we should rely on size/shape more than in any other category (after name fails)
94,LOW,0.52,GE Fuzion GRP,GRP,0,GE Fuzion Arrowhead GRP,GRP,0,Name match · Type match,1,0.5,0.5,1,0.5,GE Fuzion Arrowhead GRP,I'm ok taking a stab at submodels - exact matches are going to be rare here - we should rely on size/shape more than in any other category (after name fails)
95,LOW,0.52,GE Fuzion M GRP,GRP,0,GE Fuzion Balls GRP,GRP,0,Name match · Type match,1,0.5,0.5,1,0.5,GE Fuzion Balls GRP,I'm ok taking a stab at submodels - exact matches are going to be rare here - we should rely on size/shape more than in any other category (after name fails)
96,LOW,0.52,GE Fuzion Outline GRP,GRP,0,GE XLS Outline GRP,GRP,0,Name match · Type match,1,0.5,0.5,1,0.5,GE XLS Outline GRP,I'm ok taking a stab at submodels - exact matches are going to be rare here - we should rely on size/shape more than in any other category (after name fails)
97,LOW,0.52,GE Fuzion Ribbon Long GRP,GRP,0,GE Fuzion Ribbon Long GRP,GRP,0,Name match · Type match,1,0.5,0.5,1,0.5,GE Fuzion Ribbon Long GRP,I'm ok taking a stab at submodels - exact matches are going to be rare here - we should rely on size/shape more than in any other category (after name fails)
98,LOW,0.52,GE Fuzion Ribon Sm GRP,GRP,0,GE Fuzion Ribon Sm GRP,GRP,0,Name match · Type match,1,0.5,0.5,1,0.5,GE Fuzion Ribon Sm GRP,I'm ok taking a stab at submodels - exact matches are going to be rare here - we should rely on size/shape more than in any other category (after name fails)
99,LOW,0.52,GE Fuzion Ring GRP,GRP,0,GE XLS Ring GRP,GRP,0,Name match · Type match,1,0.5,0.5,1,0.5,GE XLS Ring GRP,I'm ok taking a stab at submodels - exact matches are going to be rare here - we should rely on size/shape more than in any other category (after name fails)
100,LOW,0.52,GE Fuzion Spaceship Even GRP,GRP,0,GE Fuzion Spaceship Even GRP,GRP,0,Name match · Type match,1,0.5,0.5,1,0.5,GE Fuzion Spaceship Even GRP,I'm ok taking a stab at submodels - exact matches are going to be rare here - we should rely on size/shape more than in any other category (after name fails)
101,LOW,0.52,GE Fuzion Spaceship Odd GRP,GRP,0,GE Fuzion Spaceship Odd GRP,GRP,0,Name match · Type match,1,0.5,0.5,1,0.5,GE Fuzion Spaceship Odd GRP,I'm ok taking a stab at submodels - exact matches are going to be rare here - we should rely on size/shape more than in any other category (after name fails)
102,LOW,0.52,GE Fuzion Spoke GRP,GRP,0,GE Fuzion M GRP,GRP,0,Name match · Type match,1,0.5,0.5,1,0.5,GE Fuzion M GRP,I'm ok taking a stab at submodels - exact matches are going to be rare here - we should rely on size/shape more than in any other category (after name fails)
103,LOW,0.52,GE Fuzion Stars GRP,GRP,0,GE Fuzion Ring GRP,GRP,0,Name match · Type match,1,0.5,0.5,1,0.5,GE Fuzion Ring GRP,I'm ok taking a stab at submodels - exact matches are going to be rare here - we should rely on size/shape more than in any other category (after name fails)
104,LOW,0.52,GE Fuzion Triangle Lg GRP,GRP,0,GE Fuzion Triangle Lg GRP,GRP,0,Name match · Type match,1,0.5,0.5,1,0.5,GE Fuzion Triangle Lg GRP,I'm ok taking a stab at submodels - exact matches are going to be rare here - we should rely on size/shape more than in any other category (after name fails)
105,LOW,0.52,GE Fuzion Windmill Lg Even GRP,GRP,0,GE Fuzion Windmill Lg Even GRP,GRP,0,Name match · Type match,1,0.5,0.5,1,0.5,GE Fuzion Windmill Lg Even GRP,I'm ok taking a stab at submodels - exact matches are going to be rare here - we should rely on size/shape more than in any other category (after name fails)
106,LOW,0.52,GE Fuzion Windmill Lg Odd GRP,GRP,0,GE Fuzion Windmill Lg Odd GRP,GRP,0,Name match · Type match,1,0.5,0.5,1,0.5,GE Fuzion Windmill Lg Odd GRP,I'm ok taking a stab at submodels - exact matches are going to be rare here - we should rely on size/shape more than in any other category (after name fails)
107,LOW,0.47,Eave 1- Office Left,Roofline,88,Grand Left3,Line,200,Position match · Shape match · Node count differs (88 vs 200),0,0.8,1,0.7,0.44,Grand Left3,"Icicles are a very special case - I like matching our ""eaves"" up to them IF we have already matched anything they call ""eave"" or ""roofline"" - but low is correct"
108,LOW,0.51,Eave 2 - Office Peak 1,Roofline,54,Ice 2,Icicles,210,Shape match · Type mismatch · Node count differs (54 vs 210),0.35,0.8,1,0,0.26,Ice 2,"Icicles are a very special case - I like matching our ""eaves"" up to them IF we have already matched anything they call ""eave"" or ""roofline"" - but low is correct"
109,LOW,0.52,Eave 3 - Office Peak 2,Roofline,54,Ice 3,Icicles,160,Position match · Shape match · Type mismatch · Node count differs (54 vs 160),0.35,0.81,1,0,0.34,Ice 3,"Icicles are a very special case - I like matching our ""eaves"" up to them IF we have already matched anything they call ""eave"" or ""roofline"" - but low is correct"
110,LOW,0.51,Eave 4 - Office Right,Roofline,40,Ice 4,Icicles,160,Shape match · Type mismatch · Node count differs (40 vs 160),0.35,0.79,1,0,0.25,Ice 4,"Icicles are a very special case - I like matching our ""eaves"" up to them IF we have already matched anything they call ""eave"" or ""roofline"" - but low is correct"
111,LOW,0.48,Eave 5 - Entrance Arch,Arch,30,GE SpinArchy Elite 1,Arch,839,Shape match · Type match · Node count differs (30 vs 839),0.2,0.51,1,1,0.04,NONE,way too big of a node count mismatch to map at all
112,LOW,0.5,Eave 6 - Tower Left,Roofline,72,Grand Left4,Line,200,Position match · Shape match · Node count differs (72 vs 200),0,0.96,1,0.7,0.36,NONE,"I think with things like rooflines/eaves/icicles/verts etc - those are going to be rarely called out individually from the group - typically they're sequenced at the group level only in 85-90% of shows - I would recommend looking at any groups that match that description - open them up, take a look at the models inside (usually numbers as lines or segments) then assume my eave/vert models don't map to anything but those."
113,LOW,0.51,Eave 7 - Tower Peak 1,Roofline,36,Flood 7,Line,1,Shape match · Node count differs (36 vs 1),0.2,0.79,1,0.7,0.03,NONE,"no, flood lights are a special case - I have 4 groups of 2 floods (8 total) - it's tough to match them up but I would only ever match floods to other floods, that naming needs to be pretty close with only the numbers as the outlier; then we rely more heavily on layout location"
114,LOW,0.46,Eave 8 - Tower Peak 2,Roofline,36,Grand Left2,Line,300,Position match · Shape match · Node count differs (36 vs 300),0,0.85,1,0.7,0.12,NONE,"I think with things like rooflines/eaves/icicles/verts etc - those are going to be rarely called out individually from the group - typically they're sequenced at the group level only in 85-90% of shows - I would recommend looking at any groups that match that description - open them up, take a look at the models inside (usually numbers as lines or segments) then assume my eave/vert models don't map to anything but those."
115,LOW,0.5,Eave 9 - Upper Tower Right,Roofline,70,Grand Right4,Line,200,Position match · Shape match · Node count differs (70 vs 200),0,0.97,1,0.7,0.35,NONE,"I think with things like rooflines/eaves/icicles/verts etc - those are going to be rarely called out individually from the group - typically they're sequenced at the group level only in 85-90% of shows - I would recommend looking at any groups that match that description - open them up, take a look at the models inside (usually numbers as lines or segments) then assume my eave/vert models don't map to anything but those."
116,LOW,0.44,Eave 10 - Lower Tower Forward,Roofline,57,Grand Right1,Line,300,Shape match · Node count differs (57 vs 300),0,0.78,1,0.7,0.19,NONE,"I think with things like rooflines/eaves/icicles/verts etc - those are going to be rarely called out individually from the group - typically they're sequenced at the group level only in 85-90% of shows - I would recommend looking at any groups that match that description - open them up, take a look at the models inside (usually numbers as lines or segments) then assume my eave/vert models don't map to anything but those."
117,LOW,0.47,Eave 11 - Lower Tower Right,Roofline,62,Flood 11,Line,1,Shape match · Node count differs (62 vs 1),0.17,0.69,1,0.7,0.02,NONE,"I think with things like rooflines/eaves/icicles/verts etc - those are going to be rarely called out individually from the group - typically they're sequenced at the group level only in 85-90% of shows - I would recommend looking at any groups that match that description - open them up, take a look at the models inside (usually numbers as lines or segments) then assume my eave/vert models don't map to anything but those."
118,LOW,0.47,Eave 12 - Avery Eave,Roofline,78,Grand Right2,Line,300,Position match · Shape match · Node count differs (78 vs 300),0,0.86,1,0.7,0.26,NONE,"I think with things like rooflines/eaves/icicles/verts etc - those are going to be rarely called out individually from the group - typically they're sequenced at the group level only in 85-90% of shows - I would recommend looking at any groups that match that description - open them up, take a look at the models inside (usually numbers as lines or segments) then assume my eave/vert models don't map to anything but those."
119,LOW,0.48,Eave 13 - Avery Right,Roofline,15,Flood 5,Line,1,Position match · Shape match · Node count differs (15 vs 1),0,0.98,1,0.7,0.07,NONE,"I think with things like rooflines/eaves/icicles/verts etc - those are going to be rarely called out individually from the group - typically they're sequenced at the group level only in 85-90% of shows - I would recommend looking at any groups that match that description - open them up, take a look at the models inside (usually numbers as lines or segments) then assume my eave/vert models don't map to anything but those."
120,LOW,0.49,Eave 14 - Ellis Eave,Roofline,132,Grand Right3,Line,200,Position match · Shape match,0,0.82,1,0.7,0.66,NONE,"I think with things like rooflines/eaves/icicles/verts etc - those are going to be rarely called out individually from the group - typically they're sequenced at the group level only in 85-90% of shows - I would recommend looking at any groups that match that description - open them up, take a look at the models inside (usually numbers as lines or segments) then assume my eave/vert models don't map to anything but those."
121,LOW,0.43,Eave 15 - Ellis Right,Roofline,72,Grand Left1,Line,300,Shape match · Node count differs (72 vs 300),0,0.71,1,0.7,0.24,NONE,"I think with things like rooflines/eaves/icicles/verts etc - those are going to be rarely called out individually from the group - typically they're sequenced at the group level only in 85-90% of shows - I would recommend looking at any groups that match that description - open them up, take a look at the models inside (usually numbers as lines or segments) then assume my eave/vert models don't map to anything but those."
122,LOW,0.45,Eave 16 - Guest Left,Roofline,48,FW1,Line,50,Shape match · Node count match,0,0.55,1,0.7,0.96,NONE,"I think with things like rooflines/eaves/icicles/verts etc - those are going to be rarely called out individually from the group - typically they're sequenced at the group level only in 85-90% of shows - I would recommend looking at any groups that match that description - open them up, take a look at the models inside (usually numbers as lines or segments) then assume my eave/vert models don't map to anything but those."
123,LOW,0.41,Eave 17 - Guest Eave,Roofline,89,Ice 5,Icicles,210,Position match · Shape match · Type mismatch · Node count differs (89 vs 210),0,0.91,1,0,0.42,NONE,"I think with things like rooflines/eaves/icicles/verts etc - those are going to be rarely called out individually from the group - typically they're sequenced at the group level only in 85-90% of shows - I would recommend looking at any groups that match that description - open them up, take a look at the models inside (usually numbers as lines or segments) then assume my eave/vert models don't map to anything but those."
124,LOW,0.4,Eave 18 - Guest Right,Roofline,21,House Right GRP,GRP,0,Type mismatch,0.4,0.5,0.5,0,0.5,NONE,"I think with things like rooflines/eaves/icicles/verts etc - those are going to be rarely called out individually from the group - typically they're sequenced at the group level only in 85-90% of shows - I would recommend looking at any groups that match that description - open them up, take a look at the models inside (usually numbers as lines or segments) then assume my eave/vert models don't map to anything but those."
125,LOW,0.45,Eave 19 - Guest Bath,Roofline,54,FW2,Line,50,Shape match · Node count match,0,0.58,1,0.7,0.93,NONE,"I think with things like rooflines/eaves/icicles/verts etc - those are going to be rarely called out individually from the group - typically they're sequenced at the group level only in 85-90% of shows - I would recommend looking at any groups that match that description - open them up, take a look at the models inside (usually numbers as lines or segments) then assume my eave/vert models don't map to anything but those."
126,LOW,0.45,Eave 23 - Garage Peak 1,Roofline,48,FW8,Line,50,Shape match · Node count match,0,0.55,1,0.7,0.96,NONE,"I think with things like rooflines/eaves/icicles/verts etc - those are going to be rarely called out individually from the group - typically they're sequenced at the group level only in 85-90% of shows - I would recommend looking at any groups that match that description - open them up, take a look at the models inside (usually numbers as lines or segments) then assume my eave/vert models don't map to anything but those."
127,LOW,0.44,Eave 24 - Garage Peak 2,Roofline,48,FW7,Line,50,Shape match · Node count match,0,0.5,1,0.7,0.96,NONE,"I think with things like rooflines/eaves/icicles/verts etc - those are going to be rarely called out individually from the group - typically they're sequenced at the group level only in 85-90% of shows - I would recommend looking at any groups that match that description - open them up, take a look at the models inside (usually numbers as lines or segments) then assume my eave/vert models don't map to anything but those."
128,LOW,0.4,Eave 26 - Garage 2,Roofline,21,FW6,Line,50,Shape match · Node count differs (21 vs 50),0,0.53,1,0.7,0.42,NONE,"I think with things like rooflines/eaves/icicles/verts etc - those are going to be rarely called out individually from the group - typically they're sequenced at the group level only in 85-90% of shows - I would recommend looking at any groups that match that description - open them up, take a look at the models inside (usually numbers as lines or segments) then assume my eave/vert models don't map to anything but those."
129,LOW,0.37,Fence Panel 6,Fence,665,Twig 6,Tree,150,Position match · Shape mismatch · Type mismatch · Node count differs (665 vs 150),0.33,0.89,0,0,0.23,NONE,"I think with things like rooflines/eaves/icicles/verts etc - those are going to be rarely called out individually from the group - typically they're sequenced at the group level only in 85-90% of shows - I would recommend looking at any groups that match that description - open them up, take a look at the models inside (usually numbers as lines or segments) then assume my eave/vert models don't map to anything but those."
130,LOW,0.35,Fence Panel 7,Fence,665,Ice 7,Icicles,320,Shape mismatch · Type mismatch · Node count differs (665 vs 320),0.33,0.72,0,0,0.48,NONE,"I think with things like rooflines/eaves/icicles/verts etc - those are going to be rarely called out individually from the group - typically they're sequenced at the group level only in 85-90% of shows - I would recommend looking at any groups that match that description - open them up, take a look at the models inside (usually numbers as lines or segments) then assume my eave/vert models don't map to anything but those."
131,LOW,0.46,Firework 2,Spiral Tree,360,Spiral 10,Tree,50,Position match · Shape match · Node count differs (360 vs 50),0,0.88,1,0.7,0.14,NONE,
132,LOW,0.52,Pixel Forest-2,Pixel Forest,120,Pixel Forrest Left,Custom,156,Shape match · Type mismatch,0.25,0.7,1,0.3,0.77,Pixel Forrest Left,a good low example
132-sub,UNMAPPED,,Pixel Forest - Odds - GRP,,?px,,,,,,,,,,,
132-sub,UNMAPPED,,Pixel Forest - Evens - GRP,,?px,,,,,,,,,,,
133,LOW,0.43,Pumpkin Mini 1,Pumpkin,33,GE Squared 1,Custom,881,Shape match · Node count differs (33 vs 881),0.2,0.45,1,0.7,0.04,,way too big of node drift
133-sub,HIGH,,Outline,,?px,Outline,,160px,,,,,,,,we will need to revist when models don't match at all but could - things like pumpkins map well to other similar props (ghosts; bats; spiders; even snowlfakes in christmas etc) - node count is very important here and general shape of the object - but those are mostly interchangeable when it comes to quick mapping - we should also look at total quantity of props and try to match those up - example - someone has 7 ghosts; and 8 witches but not any pumpkins or bats; - I'm almost certainly mapping my bats to the ghosts and my mini pumpkins to the witches because the quanitty match also helps - you should add quantity match as the very last criteria for matching.
133-sub,UNMAPPED,,Mouth,,?px,,,,,,,,,,,
133-sub,UNMAPPED,,Eyes,,?px,,,,,,,,,,,
134,LOW,0.43,Pumpkin Mini 2,Pumpkin,33,GE XLS 2,Custom,450,Shape match · Node count differs (33 vs 450),0.2,0.44,1,0.7,0.07,,
134-sub,HIGH,,Outline,,?px,Outline,,264px,,,,,,,,
134-sub,UNMAPPED,,Mouth,,?px,,,,,,,,,,,
134-sub,UNMAPPED,,Eyes,,?px,,,,,,,,,,,
135,LOW,0.42,Pumpkin Mini 3,Pumpkin,33,GE Rosa Grande  Spoke Mini GRP,GRP,0,Type mismatch,0.45,0.5,0.5,0,0.5,,
135-sub,UNMAPPED,,Outline,,?px,,,,,,,,,,,
135-sub,UNMAPPED,,Mouth,,?px,,,,,,,,,,,
135-sub,UNMAPPED,,Eyes,,?px,,,,,,,,,,,
136,LOW,0.38,Pumpkin Mini 4,Pumpkin,33,Custom,Custom,0,Shape match,0,0.43,1,0.7,0.5,,
136-sub,UNMAPPED,,Outline,,?px,,,,,,,,,,,
136-sub,UNMAPPED,,Mouth,,?px,,,,,,,,,,,
136-sub,UNMAPPED,,Eyes,,?px,,,,,,,,,,,
137,LOW,0.35,Pumpkin Mini 5,Pumpkin,33,GE Flake I 2,Snowflake,96,Shape match · Type mismatch · Node count differs (33 vs 96),0,0.7,1,0,0.34,,
137-sub,HIGH,,Outline,,?px,Outline,,36px,,,,,,,,
137-sub,UNMAPPED,,Mouth,,?px,,,,,,,,,,,
137-sub,UNMAPPED,,Eyes,,?px,,,,,,,,,,,
138,LOW,0.36,Pumpkin Mini 6,Pumpkin,33,GE Flake G2,Snowflake,129,Shape match · Type mismatch · Node count differs (33 vs 129),0,0.77,1,0,0.26,,
138-sub,HIGH,,Outline,,?px,Outline,,64px,,,,,,,,
138-sub,UNMAPPED,,Mouth,,?px,,,,,,,,,,,
138-sub,UNMAPPED,,Eyes,,?px,,,,,,,,,,,
139,LOW,0.37,Pumpkin Mini 7,Pumpkin,33,Star 7,Star,70,Type mismatch · Node count differs (33 vs 70),0.2,0.76,0.4,0,0.47,,
139-sub,UNMAPPED,,Outline,,?px,,,,,,,,,,,
139-sub,UNMAPPED,,Mouth,,?px,,,,,,,,,,,
139-sub,UNMAPPED,,Eyes,,?px,,,,,,,,,,,
140,LOW,0.45,Pumpkin Mini 8,Pumpkin,33,MovingHead 8,Custom,16,Shape match · Node count differs (33 vs 16),0.2,0.39,1,0.7,0.48,,
140-sub,UNMAPPED,,Outline,,?px,,,,,,,,,,,
140-sub,UNMAPPED,,Mouth,,?px,,,,,,,,,,,
140-sub,UNMAPPED,,Eyes,,?px,,,,,,,,,,,
141,LOW,0.5,Spider 1,Spider,100,GE Click Click Boom 1,Custom,1600,Shape match · Node count differs (100 vs 1600),0.17,0.79,1,0.7,0.06,,
141-sub,UNMAPPED,,Leg1,,?px,,,,,,,,,,,
141-sub,UNMAPPED,,Leg2,,?px,,,,,,,,,,,
141-sub,UNMAPPED,,Leg3,,?px,,,,,,,,,,,
141-sub,UNMAPPED,,Leg4,,?px,,,,,,,,,,,
141-sub,UNMAPPED,,Leg5,,?px,,,,,,,,,,,
141-sub,UNMAPPED,,Leg6,,?px,,,,,,,,,,,
141-sub,UNMAPPED,,Leg7,,?px,,,,,,,,,,,
141-sub,UNMAPPED,,Leg8,,?px,,,,,,,,,,,
141-sub,UNMAPPED,,Body,,?px,,,,,,,,,,,
141-sub,UNMAPPED,,Eyes,,?px,,,,,,,,,,,
141-sub,UNMAPPED,,Mouth,,?px,,,,,,,,,,,
141-sub,UNMAPPED,,HourGlass,,?px,,,,,,,,,,,
142,LOW,0.47,Spider 2,Spider,100,Cane 2,Candy Cane,99,Type mismatch · Node count match,0.33,0.77,0.4,0,0.99,,
142-sub,UNMAPPED,,Leg1,,?px,,,,,,,,,,,
142-sub,UNMAPPED,,Leg2,,?px,,,,,,,,,,,
142-sub,UNMAPPED,,Leg3,,?px,,,,,,,,,,,
142-sub,UNMAPPED,,Leg4,,?px,,,,,,,,,,,
142-sub,UNMAPPED,,Leg5,,?px,,,,,,,,,,,
142-sub,UNMAPPED,,Leg6,,?px,,,,,,,,,,,
142-sub,UNMAPPED,,Leg7,,?px,,,,,,,,,,,
142-sub,UNMAPPED,,Leg8,,?px,,,,,,,,,,,
142-sub,UNMAPPED,,Body,,?px,,,,,,,,,,,
142-sub,UNMAPPED,,Eyes,,?px,,,,,,,,,,,
142-sub,UNMAPPED,,Mouth,,?px,,,,,,,,,,,
142-sub,UNMAPPED,,HourGlass,,?px,,,,,,,,,,,
143,LOW,0.43,Spider 3,Spider,100,GE Click Click Boom,Custom,1600,Shape match · Node count differs (100 vs 1600),0,0.77,1,0.7,0.06,,
143-sub,UNMAPPED,,Leg1,,?px,,,,,,,,,,,
143-sub,UNMAPPED,,Leg2,,?px,,,,,,,,,,,
143-sub,UNMAPPED,,Leg3,,?px,,,,,,,,,,,
143-sub,UNMAPPED,,Leg4,,?px,,,,,,,,,,,
143-sub,UNMAPPED,,Leg5,,?px,,,,,,,,,,,
143-sub,UNMAPPED,,Leg6,,?px,,,,,,,,,,,
143-sub,UNMAPPED,,Leg7,,?px,,,,,,,,,,,
143-sub,UNMAPPED,,Leg8,,?px,,,,,,,,,,,
143-sub,UNMAPPED,,Body,,?px,,,,,,,,,,,
143-sub,UNMAPPED,,Eyes,,?px,,,,,,,,,,,
143-sub,UNMAPPED,,Mouth,,?px,,,,,,,,,,,
143-sub,UNMAPPED,,HourGlass,,?px,,,,,,,,,,,
144,LOW,0.42,Spider 4,Spider,100,Star 4,Star,70,Type mismatch,0.33,0.68,0.4,0,0.7,,
144-sub,UNMAPPED,,Leg1,,?px,,,,,,,,,,,
144-sub,UNMAPPED,,Leg2,,?px,,,,,,,,,,,
144-sub,UNMAPPED,,Leg3,,?px,,,,,,,,,,,
144-sub,UNMAPPED,,Leg4,,?px,,,,,,,,,,,
144-sub,UNMAPPED,,Leg5,,?px,,,,,,,,,,,
144-sub,UNMAPPED,,Leg6,,?px,,,,,,,,,,,
144-sub,UNMAPPED,,Leg7,,?px,,,,,,,,,,,
144-sub,UNMAPPED,,Leg8,,?px,,,,,,,,,,,
144-sub,UNMAPPED,,Body,,?px,,,,,,,,,,,
144-sub,UNMAPPED,,Eyes,,?px,,,,,,,,,,,
144-sub,UNMAPPED,,Mouth,,?px,,,,,,,,,,,
144-sub,UNMAPPED,,HourGlass,,?px,,,,,,,,,,,
145,LOW,0.49,Spider 5,Spider,100,Cane 5,Candy Cane,99,Position match · Type mismatch · Node count match,0.33,0.87,0.4,0,0.99,,
145-sub,UNMAPPED,,Leg1,,?px,,,,,,,,,,,
145-sub,UNMAPPED,,Leg2,,?px,,,,,,,,,,,
145-sub,UNMAPPED,,Leg3,,?px,,,,,,,,,,,
145-sub,UNMAPPED,,Leg4,,?px,,,,,,,,,,,
145-sub,UNMAPPED,,Leg5,,?px,,,,,,,,,,,
145-sub,UNMAPPED,,Leg6,,?px,,,,,,,,,,,
145-sub,UNMAPPED,,Leg7,,?px,,,,,,,,,,,
145-sub,UNMAPPED,,Leg8,,?px,,,,,,,,,,,
145-sub,UNMAPPED,,Body,,?px,,,,,,,,,,,
145-sub,UNMAPPED,,Eyes,,?px,,,,,,,,,,,
145-sub,UNMAPPED,,Mouth,,?px,,,,,,,,,,,
145-sub,UNMAPPED,,HourGlass,,?px,,,,,,,,,,,
146,LOW,0.5,Spider 6,Spider,100,Cane 6,Candy Cane,99,Position match · Type mismatch · Node count match,0.33,0.91,0.4,0,0.99,,
146-sub,UNMAPPED,,Leg1,,?px,,,,,,,,,,,
146-sub,UNMAPPED,,Leg2,,?px,,,,,,,,,,,
146-sub,UNMAPPED,,Leg3,,?px,,,,,,,,,,,
146-sub,UNMAPPED,,Leg4,,?px,,,,,,,,,,,
146-sub,UNMAPPED,,Leg5,,?px,,,,,,,,,,,
146-sub,UNMAPPED,,Leg6,,?px,,,,,,,,,,,
146-sub,UNMAPPED,,Leg7,,?px,,,,,,,,,,,
146-sub,UNMAPPED,,Leg8,,?px,,,,,,,,,,,
146-sub,UNMAPPED,,Body,,?px,,,,,,,,,,,
146-sub,UNMAPPED,,Eyes,,?px,,,,,,,,,,,
146-sub,UNMAPPED,,Mouth,,?px,,,,,,,,,,,
146-sub,UNMAPPED,,HourGlass,,?px,,,,,,,,,,,
147,LOW,0.44,Spinner - Fuzion,Spinner,996,GE Grand Illusion 2,Circle,1000,Position match · Shape match · Type mismatch · Node count match,0,0.84,1,0,1,,
148,LOW,0.47,Spinner - Showstopper 1,Spinner,541,GE XLS 1,Custom,450,Position match · Type mismatch,0.2,0.91,0.4,0.3,0.83,,
148-sub,UNMAPPED,,01 Cascading Arches,,?px,Leaf-01,,57px,,,,,,,,
148-sub,UNMAPPED,,02 Cascading Arches-Odd,,?px,,,,,,,,,,,
148-sub,UNMAPPED,,03 Cascading Arches-Even,,?px,,,,,,,,,,,
148-sub,UNMAPPED,,04 Circles (V),,?px,Leaf-04,,57px,,,,,,,,
148-sub,UNMAPPED,,05 Circles-Odd (V),,?px,Leaf-05,,57px,,,,,,,,
148-sub,UNMAPPED,,06 Circles-Even (V),,?px,Leaf-06,,57px,,,,,,,,
148-sub,UNMAPPED,,07 Cascading Petal,,?px,,,,,,,,,,,
148-sub,UNMAPPED,,08 Big Petals,,?px,,,,,,,,,,,
148-sub,UNMAPPED,,09 Big Petals- Odd,,?px,,,,,,,,,,,
148-sub,UNMAPPED,,10 Big Petals-Even,,?px,,,,,,,,,,,
148-sub,LOW,,13 All Rings,,?px,Ring 1,,60px,,,,,,,,
148-sub,UNMAPPED,,14 Trophies,,?px,,,,,,,,,,,
148-sub,UNMAPPED,,15 Spinners - All,,?px,,,,,,,,,,,
148-sub,UNMAPPED,,16 Spinners - Long,,?px,,,,,,,,,,,
148-sub,UNMAPPED,,17 Spinners - Short,,?px,,,,,,,,,,,
148-sub,LOW,,18 Swirl Right,,?px,Drum Stick Right,,36px,,,,,,,,
148-sub,LOW,,19 Swirl Left,,?px,Drum Stick Left,,36px,,,,,,,,
148-sub,UNMAPPED,,20 Arrows,,?px,,,,,,,,,,,
148-sub,UNMAPPED,,22 Half Willow,,?px,,,,,,,,,,,
148-sub,UNMAPPED,,23 Fireworks,,?px,,,,,,,,,,,
148-sub,HIGH,,25 Snowflake,,?px,Snowflake A,,300px,,,,,,,,
148-sub,LOW,,27 Angle Spinner Left,,?px,Snowflake L,,198px,,,,,,,,
148-sub,UNMAPPED,,28 Angle Spinner Right,,?px,,,,,,,,,,,
148-sub,UNMAPPED,,29 Swirl and a Circle,,?px,,,,,,,,,,,
148-sub,UNMAPPED,,31 Short Angle Spinner,,?px,,,,,,,,,,,
148-sub,UNMAPPED,,32 Three-Quarters Circle,,?px,,,,,,,,,,,
148-sub,UNMAPPED,,33 Outer Swirl Left,,?px,,,,,,,,,,,
148-sub,UNMAPPED,,34 Outer Swirl Right,,?px,,,,,,,,,,,
148-sub,LOW,,35 Outer Rings,,?px,Ring 2,,48px,,,,,,,,
148-sub,UNMAPPED,,36 Spinners - Outer,,?px,Outer Leg 1,,41px,,,,,,,,
148-sub,UNMAPPED,,40 Big Umbrella,,?px,,,,,,,,,,,
148-sub,UNMAPPED,,41 Saucers,,?px,,,,,,,,,,,
148-sub,UNMAPPED,,42 Eyes,,?px,,,,,,,,,,,
148-sub,UNMAPPED,,47 Diamonds,,?px,,,,,,,,,,,
148-sub,UNMAPPED,,51 Crosses,,?px,,,,,,,,,,,
148-sub,UNMAPPED,,57 Starburst,,?px,,,,,,,,,,,
148-sub,UNMAPPED,,65 Outer Balls,,?px,Outer Leg 2,,41px,,,,,,,,
148-sub,HIGH,,70 Outline,,?px,Outline,,264px,,,,,,,,
149,LOW,0.36,Spinner - Showstopper 2,Spinner,541,GE Starburst xTreme 1,Star,296,Shape match · Type mismatch,0,0.68,1,0,0.55,,
149-sub,UNMAPPED,,01 Cascading Arches,,?px,,,,,,,,,,,
149-sub,UNMAPPED,,02 Cascading Arches-Odd,,?px,,,,,,,,,,,
149-sub,UNMAPPED,,03 Cascading Arches-Even,,?px,,,,,,,,,,,
149-sub,UNMAPPED,,04 Circles (V),,?px,,,,,,,,,,,
149-sub,UNMAPPED,,05 Circles-Odd (V),,?px,,,,,,,,,,,
149-sub,UNMAPPED,,06 Circles-Even (V),,?px,,,,,,,,,,,
149-sub,UNMAPPED,,08 Big Petals,,?px,,,,,,,,,,,
149-sub,UNMAPPED,,09 Big Petals- Odd,,?px,,,,,,,,,,,
149-sub,UNMAPPED,,10 Big Petals-Even,,?px,,,,,,,,,,,
149-sub,LOW,,13 All Rings,,?px,Ring 1,,4px,,,,,,,,
149-sub,UNMAPPED,,14 Trophies,,?px,,,,,,,,,,,
149-sub,UNMAPPED,,15 Spinners - All,,?px,,,,,,,,,,,
149-sub,UNMAPPED,,16 Spinners - Long,,?px,,,,,,,,,,,
149-sub,UNMAPPED,,17 Spinners - Short,,?px,,,,,,,,,,,
149-sub,UNMAPPED,,18 Swirl Right,,?px,,,,,,,,,,,
149-sub,UNMAPPED,,19 Swirl Left,,?px,,,,,,,,,,,
149-sub,UNMAPPED,,20 Arrows,,?px,,,,,,,,,,,
149-sub,UNMAPPED,,22 Half Willow,,?px,,,,,,,,,,,
149-sub,UNMAPPED,,23 Fireworks,,?px,,,,,,,,,,,
149-sub,UNMAPPED,,25 Snowflake,,?px,,,,,,,,,,,
149-sub,UNMAPPED,,27 Angle Spinner Left,,?px,,,,,,,,,,,
149-sub,UNMAPPED,,28 Angle Spinner Right,,?px,,,,,,,,,,,
149-sub,UNMAPPED,,29 Swirl and a Circle,,?px,,,,,,,,,,,
149-sub,UNMAPPED,,31 Short Angle Spinner,,?px,,,,,,,,,,,
149-sub,UNMAPPED,,32 Three-Quarters Circle,,?px,,,,,,,,,,,
149-sub,UNMAPPED,,33 Outer Swirl Left,,?px,,,,,,,,,,,
149-sub,UNMAPPED,,34 Outer Swirl Right,,?px,,,,,,,,,,,
149-sub,LOW,,35 Outer Rings,,?px,Ring 2,,12px,,,,,,,,
149-sub,UNMAPPED,,36 Spinners - Outer,,?px,,,,,,,,,,,
149-sub,UNMAPPED,,40 Big Umbrella,,?px,,,,,,,,,,,
149-sub,UNMAPPED,,41 Saucers,,?px,,,,,,,,,,,
149-sub,UNMAPPED,,42 Eyes,,?px,,,,,,,,,,,
149-sub,UNMAPPED,,47 Diamonds,,?px,,,,,,,,,,,
149-sub,LOW,,51 Crosses,,?px,Cross,,47px,,,,,,,,
149-sub,UNMAPPED,,57 Starburst,,?px,,,,,,,,,,,
149-sub,UNMAPPED,,65 Outer Balls,,?px,,,,,,,,,,,
149-sub,HIGH,,70 Outline,,?px,Outline,,115px,,,,,,,,
150,LOW,0.48,Spinner - Showstopper 3,Spinner,541,GE XLS 3,Custom,450,Position match · Type mismatch,0.2,0.93,0.4,0.3,0.83,,
150-sub,UNMAPPED,,01 Cascading Arches,,?px,Leaf-01,,57px,,,,,,,,
150-sub,UNMAPPED,,02 Cascading Arches-Odd,,?px,,,,,,,,,,,
150-sub,UNMAPPED,,03 Cascading Arches-Even,,?px,,,,,,,,,,,
150-sub,UNMAPPED,,04 Circles (V),,?px,Leaf-04,,57px,,,,,,,,
150-sub,UNMAPPED,,05 Circles-Odd (V),,?px,Leaf-05,,57px,,,,,,,,
150-sub,UNMAPPED,,06 Circles-Even (V),,?px,Leaf-06,,57px,,,,,,,,
150-sub,UNMAPPED,,08 Big Petals,,?px,,,,,,,,,,,
150-sub,UNMAPPED,,09 Big Petals- Odd,,?px,,,,,,,,,,,
150-sub,UNMAPPED,,10 Big Petals-Even,,?px,,,,,,,,,,,
150-sub,LOW,,13 All Rings,,?px,Ring 1,,60px,,,,,,,,
150-sub,UNMAPPED,,14 Trophies,,?px,,,,,,,,,,,
150-sub,UNMAPPED,,15 Spinners - All,,?px,,,,,,,,,,,
150-sub,UNMAPPED,,16 Spinners - Long,,?px,,,,,,,,,,,
150-sub,UNMAPPED,,17 Spinners - Short,,?px,,,,,,,,,,,
150-sub,LOW,,18 Swirl Right,,?px,Drum Stick Right,,36px,,,,,,,,
150-sub,LOW,,19 Swirl Left,,?px,Drum Stick Left,,36px,,,,,,,,
150-sub,UNMAPPED,,20 Arrows,,?px,,,,,,,,,,,
150-sub,UNMAPPED,,22 Half Willow,,?px,,,,,,,,,,,
150-sub,UNMAPPED,,23 Fireworks,,?px,,,,,,,,,,,
150-sub,HIGH,,25 Snowflake,,?px,Snowflake A,,300px,,,,,,,,
150-sub,LOW,,27 Angle Spinner Left,,?px,Snowflake L,,198px,,,,,,,,
150-sub,UNMAPPED,,28 Angle Spinner Right,,?px,,,,,,,,,,,
150-sub,UNMAPPED,,29 Swirl and a Circle,,?px,,,,,,,,,,,
150-sub,UNMAPPED,,31 Short Angle Spinner,,?px,,,,,,,,,,,
150-sub,UNMAPPED,,32 Three-Quarters Circle,,?px,,,,,,,,,,,
150-sub,UNMAPPED,,33 Outer Swirl Left,,?px,,,,,,,,,,,
150-sub,UNMAPPED,,34 Outer Swirl Right,,?px,,,,,,,,,,,
150-sub,LOW,,35 Outer Rings,,?px,Ring 2,,48px,,,,,,,,
150-sub,UNMAPPED,,36 Spinners - Outer,,?px,Outer Leg 1,,41px,,,,,,,,
150-sub,UNMAPPED,,40 Big Umbrella,,?px,,,,,,,,,,,
150-sub,UNMAPPED,,41 Saucers,,?px,,,,,,,,,,,
150-sub,UNMAPPED,,42 Eyes,,?px,,,,,,,,,,,
150-sub,UNMAPPED,,47 Diamonds,,?px,,,,,,,,,,,
150-sub,UNMAPPED,,51 Crosses,,?px,,,,,,,,,,,
150-sub,UNMAPPED,,57 Starburst,,?px,,,,,,,,,,,
150-sub,UNMAPPED,,65 Outer Balls,,?px,Outer Leg 2,,41px,,,,,,,,
150-sub,HIGH,,70 Outline,,?px,Outline,,264px,,,,,,,,
151,LOW,0.53,Tombstone 1,Tombstone,150,GE Space Odyssey 1,Custom,960,Position match · Shape match · Node count differs (150 vs 960),0.17,0.86,1,0.7,0.16,,
151-sub,HIGH,,Outline,,?px,Outline All,,351px,,,,,,,,
151-sub,UNMAPPED,,RIP,,?px,,,,,,,,,,,
152,LOW,0.53,Tombstone 2,Tombstone,150,GE Space Odyssey 2,Custom,960,Position match · Shape match · Node count differs (150 vs 960),0.17,0.85,1,0.7,0.16,,
152-sub,HIGH,,Outline,,?px,Outline All,,351px,,,,,,,,
152-sub,UNMAPPED,,RIP,,?px,,,,,,,,,,,
153,LOW,0.49,Tombstone 3,Tombstone,150,Cane 3,Candy Cane,99,Position match · Type mismatch,0.33,0.96,0.4,0,0.66,,
153-sub,UNMAPPED,,Outline,,?px,,,,,,,,,,,
153-sub,UNMAPPED,,RIP,,?px,,,,,,,,,,,
154,LOW,0.49,Tombstone 4,Tombstone,150,Cane 4,Candy Cane,99,Position match · Type mismatch,0.33,0.96,0.4,0,0.66,,
154-sub,UNMAPPED,,Outline,,?px,,,,,,,,,,,
154-sub,UNMAPPED,,RIP,,?px,,,,,,,,,,,
155,LOW,0.51,Tombstone Small - 1,Tombstone,150,GE Shape Shifter 1,Custom,1113,Shape match · Node count differs (150 vs 1113),0.17,0.8,1,0.7,0.13,,
156,LOW,0.51,Tombstone Small - 2,Tombstone,150,GE Shape Shifter 2,Custom,1113,Shape match · Node count differs (150 vs 1113),0.17,0.8,1,0.7,0.13,,
157,LOW,0.43,Tombstone Small - 3,Tombstone,150,GE Flake A 2,Snowflake,139,Position match · Shape match · Type mismatch · Node count match,0,0.82,1,0,0.93,,
158,LOW,0.47,Tombstone Small - 4,Tombstone,150,GE XLS 4,Custom,450,Shape match · Node count differs (150 vs 450),0.2,0.5,1,0.7,0.33,,
159,LOW,0.46,Tombstone Small - 5,Tombstone,150,GE King Diamon 1,Custom,661,Position match · Shape match · Node count differs (150 vs 661),0,0.84,1,0.7,0.23,,
160,LOW,0.45,Tombstone Small - 6,Tombstone,150,GE Kings Ransom 1,Custom,981,Position match · Shape match · Node count differs (150 vs 981),0,0.83,1,0.7,0.15,,
161,LOW,0.55,Tree - Medium 1,Tree,84,Twig 4,Tree,150,Position match · Shape match · Type match,0,0.92,1,1,0.56,,
162,LOW,0.52,Tree - Small 1,Tree,60,Twig 5,Tree,150,Position match · Shape match · Type match · Node count differs (60 vs 150),0,0.86,1,1,0.4,,
163,LOW,0.47,Tree Real 1 - Fork Left,Tree,300,Twig 7,Tree,150,Shape match · Type match,0,0.65,1,1,0.5,,
164,LOW,0.5,Tree Real 1 - Fork Right,Tree,200,Twig 3,Tree,200,Shape match · Type match · Node count match,0,0.59,1,1,1,,
165,LOW,0.45,Tune-To-Matrix,Sign,320,Widow Matrix GRP,GRP,0,Fuzzy name match · Type mismatch,0.53,0.5,0.5,0,0.5,,
166,LOW,0.4,Tune-To-Matrix-2,Sign,320,All Pixels GRP - No Mega Tree Matrix,GRP,0,Type mismatch,0.4,0.5,0.5,0,0.5,,
167,LOW,0.54,Vert 1 - Office 1,Line,75,Ice 1,Icicles,310,Position match · Shape match · Type mismatch · Node count differs (75 vs 310),0.35,0.94,1,0,0.24,,
168,LOW,0.55,Vert 6 - Tower 2,Line,121,Flood 6,Line,1,Position match · Shape match · Type match · Node count differs (121 vs 1),0.17,0.84,1,1,0.01,,
169,LOW,0.55,Vert 8 - Avery,Line,46,Flood 8,Line,1,Shape match · Type match · Node count differs (46 vs 1),0.2,0.78,1,1,0.02,,
170,LOW,0.55,Vert 9 - Guest 1,Line,57,Flood 9,Line,1,Position match · Shape match · Type match · Node count differs (57 vs 1),0.17,0.84,1,1,0.02,,
171,LOW,0.5,Vert 12 - Guest Bath,Line,54,FW3,Line,50,Shape match · Type match · Node count match,0,0.63,1,1,0.93,,
172,LOW,0.46,Window - Ellis,Window,96,Pixel Forrest Right,Custom,156,Position match · Shape match · Type mismatch,0,0.89,1,0.3,0.62,,
173,UNMAPPED,0,All - Bats - GRP,GRP,0,,,,No suitable match found in your layout.,0,0,0,0,0,,
174,UNMAPPED,0,All - Fence - GRP,GRP,0,,,,No suitable match found in your layout.,0,0,0,0,0,,
175,UNMAPPED,0,All - Mini Pumpkin Eyes - GRP,GRP,0,,,,No suitable match found in your layout.,0,0,0,0,0,,
176,UNMAPPED,0,All - Mini Pumpkin Outlines - GRP,GRP,0,,,,No suitable match found in your layout.,0,0,0,0,0,,
177,UNMAPPED,0,All - Mini Pumpkins - GRP,GRP,0,,,,No suitable match found in your layout.,0,0,0,0,0,,
178,UNMAPPED,0,All - No Spinners - GRP,GRP,0,,,,No suitable match found in your layout.,0,0,0,0,0,,
179,UNMAPPED,0,All - Spider Hourglasses - GRP,GRP,0,,,,No suitable match found in your layout.,0,0,0,0,0,,
180,UNMAPPED,0,All - Spider Legs - GRP,GRP,0,,,,No suitable match found in your layout.,0,0,0,0,0,,
181,UNMAPPED,0,All - Spiders - GRP,GRP,0,,,,No suitable match found in your layout.,0,0,0,0,0,,
182,UNMAPPED,0,All - Spinners - GRP,GRP,0,,,,No suitable match found in your layout.,0,0,0,0,0,,
183,UNMAPPED,0,All - Tombstones - GRP,GRP,0,,,,No suitable match found in your layout.,0,0,0,0,0,,
184,UNMAPPED,0,All - Verts - GRP,GRP,0,,,,No suitable match found in your layout.,0,0,0,0,0,,
185,UNMAPPED,0,Arches - Middle - GRP,GRP,0,,,,No suitable match found in your layout.,0,0,0,0,0,,
186,UNMAPPED,0,Fence Panel 1,Fence,665,,,,No suitable match found in your layout.,0,0,0,0,0,,
187,UNMAPPED,0,Fence Panel 2,Fence,665,,,,No suitable match found in your layout.,0,0,0,0,0,,
188,UNMAPPED,0,Fence Panel 3,Fence,665,,,,No suitable match found in your layout.,0,0,0,0,0,,
189,UNMAPPED,0,Fence Panel 4,Fence,665,,,,No suitable match found in your layout.,0,0,0,0,0,,
190,UNMAPPED,0,Fence Panel 5,Fence,665,,,,No suitable match found in your layout.,0,0,0,0,0,,
191,UNMAPPED,0,Pixel Forest,Pixel Forest,50,,,,No suitable match found in your layout.,0,0,0,0,0,,
unused,,,,,,Singing Bulb 350 1,Singing Face,350,,,,,,,,
unused,,,,,,Cane 1,Candy Cane,99,,,,,,,,
unused,,,,,,GE Flake A3,Snowflake,139,,,,,,,,
unused,,,,,,GE Flake K3,Snowflake,112,,,,,,,,
unused,,,,,,GE Upright Singing Bulb 3,Singing Face,150,,,,,,,,
unused,,,,,,GE Upright Singing Bulb 2,Singing Face,150,,,,,,,,
unused,,,,,,GE Upright Singing Bulb 1,Singing Face,150,,,,,,,,
unused,,,,,,GE Starlord 2,Star,496,,,,,,,,
unused,,,,,,Ice 8,Icicles,420,,,,,,,,
unused,,,,,,Ice 6,Icicles,250,,,,,,,,
unused,,,,,,GE Starlord 1,Star,496,,,,,,,,
unused,,,,,,GE Grand Illusion 1,Circle,1000,,,,,,,,
unused,,,,,,GE Flake I 1,Snowflake,96,,,,,,,,
unused,,,,,,GE Flake K2,Snowflake,112,,,,,,,,
unused,,,,,,GE Flake B2,Snowflake,186,,,,,,,,
unused,,,,,,GE Flake B1,Snowflake,186,,,,,,,,
unused,,,,,,GE Flake D2,Snowflake,205,,,,,,,,
unused,,,,,,GE Flake D1,Snowflake,205,,,,,,,,
unused,,,,,,GE Flake G1,Snowflake,129,,,,,,,,
unused,,,,,,GE Flake A 1,Snowflake,139,,,,,,,,
unused,,,,,,Spiral 9,Tree,50,,,,,,,,
unused,,,,,,FW5,Line,50,,,,,,,,
unused,,,,,,Star 6,Star,70,,,,,,,,
unused,,,,,,Star 8,Star,70,,,,,,,,
unused,,,,,,FW4,Line,50,,,,,,,,
unused,,,,,,Star 1,Star,70,,,,,,,,
unused,,,,,,Star 2,Star,70,,,,,,,,
unused,,,,,,Star 3,Star,70,,,,,,,,
unused,,,,,,Star 5,Star,70,,,,,,,,
unused,,,,,,MH Color,Line,1,,,,,,,,
unused,,,,,,MH Frost,Line,1,,,,,,,,
unused,,,,,,MH Tilt,Line,1,,,,,,,,
unused,,,,,,MH Pan,Line,1,,,,,,,,
unused,,,,,,MH Focus,Line,1,,,,,,,,
unused,,,,,,MH Prisim 1 Rotation,Line,1,,,,,,,,
unused,,,,,,MH Prisim 1,Line,1,,,,,,,,
unused,,,,,,MH Gobo,Line,1,,,,,,,,
unused,,,,,,MH Dimmer,Line,1,,,,,,,,
unused,,,,,,MH Shutter,Line,1,,,,,,,,
unused,,,,,,Flakes GRP,GRP,0,,,,,,,,
unused,,,,,,Stars GRP,GRP,0,,,,,,,,
unused,,,,,,Floods GRP,GRP,0,,,,,,,,
unused,,,,,,Icicles GRP,GRP,0,,,,,,,,
unused,,,,,,Canes GRP,GRP,0,,,,,,,,
unused,,,,,,Mega Tree 7H Group GRP,GRP,0,,,,,,,,
unused,,,,,,Mega Tree Vert Group GRP,GRP,0,,,,,,,,
unused,,,,,,Mega Tree 6  Str Group GRP,GRP,0,,,,,,,,
unused,,,,,,GE Starburst xTreme Cones GRP,GRP,0,,,,,,,,
unused,,,,,,GE Starburst xTreme Cross Section GRP,GRP,0,,,,,,,,
unused,,,,,,GE Starburst Crown GRP,GRP,0,,,,,,,,
unused,,,,,,GE Starburst xTreme Point GRP,GRP,0,,,,,,,,
unused,,,,,,GE Starburst xTreme Rings GRP,GRP,0,,,,,,,,
unused,,,,,,GE Starburst xTreme Spokes GRP,GRP,0,,,,,,,,
unused,,,,,,GE Grand Illusion GRP,GRP,0,,,,,,,,
unused,,,,,,GE Grand Illusion Whirliwig GRP,GRP,0,,,,,,,,
unused,,,,,,GE Grand Illusion Flower GRP,GRP,0,,,,,,,,
unused,,,,,,GE Grand Illusion Whirliwig Odd GRP,GRP,0,,,,,,,,
unused,,,,,,GE Grand Illusion Whirliwig Even GRP,GRP,0,,,,,,,,
unused,,,,,,GE Grand Illusion Hook CCW GRP,GRP,0,,,,,,,,
unused,,,,,,GE Grand Illusion Hook CW GRP,GRP,0,,,,,,,,
unused,,,,,,GE Grand Illusion Snowflake Spokes GRP,GRP,0,,,,,,,,
unused,,,,,,GE Grand Illusion Rings GRP,GRP,0,,,,,,,,
unused,,,,,,GE Grand Illusion Spokes Even GRP,GRP,0,,,,,,,,
unused,,,,,,GE Grand Illusion Spokes Odd GRP,GRP,0,,,,,,,,
unused,,,,,,GE Grand Illusion Snowflake Center GRP,GRP,0,,,,,,,,
unused,,,,,,GE Grand Illusion Snowflake Filled GRP,GRP,0,,,,,,,,
unused,,,,,,GE SpinArchy Elite Arch GRP,GRP,0,,,,,,,,
unused,,,,,,GE SpinArchy Elite Spokes GRP,GRP,0,,,,,,,,
unused,,,,,,GE SpinArchy Wiggly CW GRP,GRP,0,,,,,,,,
unused,,,,,,GE SpinArchy Elite GRP,GRP,0,,,,,,,,
unused,,,,,,GE SpinArchy Wiggly CCW GRP,GRP,0,,,,,,,,
unused,,,,,,GE SpinArchy Elite Wiggly All GRP,GRP,0,,,,,,,,
unused,,,,,,GE Starlord Spoke GRP,GRP,0,,,,,,,,
unused,,,,,,GE Starlord Square GRP,GRP,0,,,,,,,,
unused,,,,,,GE Starlord Diamond GRP,GRP,0,,,,,,,,
unused,,,,,,GE Starlord Feather Odd GRP,GRP,0,,,,,,,,
unused,,,,,,GE Starlord Feather Even GRP,GRP,0,,,,,,,,
unused,,,,,,GE Starlord Ribbon GRP,GRP,0,,,,,,,,
unused,,,,,,GE Starlord Plunger LG GRP,GRP,0,,,,,,,,
unused,,,,,,GE Starlord Plunger SM GRP,GRP,0,,,,,,,,
unused,,,,,,GE Starlord Plunger All GRP,GRP,0,,,,,,,,
unused,,,,,,GE Starlord Z Left GRP,GRP,0,,,,,,,,
unused,,,,,,GE Starlord Z Right GRP,GRP,0,,,,,,,,
unused,,,,,,GE Starlord Z All GRP,GRP,0,,,,,,,,
unused,,,,,,GE Starlord Star GRP,GRP,0,,,,,,,,
unused,,,,,,GE XLS Center GRP,GRP,0,,,,,,,,
unused,,,,,,GE XLS Outer Leg GRP,GRP,0,,,,,,,,
unused,,,,,,GE XLS Spokes GRP,GRP,0,,,,,,,,
unused,,,,,,GE XLS Drum Stick Left GRP,GRP,0,,,,,,,,
unused,,,,,,GE XLS Drum Stick Right GRP,GRP,0,,,,,,,,
unused,,,,,,GE XLS Drum Sticks All GRP,GRP,0,,,,,,,,
unused,,,,,,GE XLS Arms GRP,GRP,0,,,,,,,,
unused,,,,,,GE XLS Arms R GRP,GRP,0,,,,,,,,
unused,,,,,,GE XLS Inner Arms GRP,GRP,0,,,,,,,,
unused,,,,,,GE XLS Flake GRP,GRP,0,,,,,,,,
unused,,,,,,GE Starlord GRP,GRP,0,,,,,,,,
unused,,,,,,GE XLS Snowflake M GRP,GRP,0,,,,,,,,
unused,,,,,,GE Starburst xTreme GRP,GRP,0,,,,,,,,
unused,,,,,,GE Kings Ransom SQ GRP,GRP,0,,,,,,,,
unused,,,,,,GE Kings Ransom Diamond Inner GRP,GRP,0,,,,,,,,
unused,,,,,,GE Kings Ransom Diamond Outer GRP,GRP,0,,,,,,,,
unused,,,,,,GE Kings Ransom Diamond GRP,GRP,0,,,,,,,,
unused,,,,,,GE Kings Ransom Crown Outline GRP,GRP,0,,,,,,,,
unused,,,,,,GE Kings Ransom Circle Inner GRP,GRP,0,,,,,,,,
unused,,,,,,GE Kings Ransom Circles Outer GRP,GRP,0,,,,,,,,
unused,,,,,,GE Kings Ransom Circles All GRP,GRP,0,,,,,,,,
unused,,,,,,GE Kings Ransom Straglers GRP,GRP,0,,,,,,,,
unused,,,,,,GE Kings Ransom Matrix GRP,GRP,0,,,,,,,,
unused,,,,,,GE Kings Ransom Squarlet GRP,GRP,0,,,,,,,,
unused,,,,,,Flakes Spokes All GRP,GRP,0,,,,,,,,
unused,,,,,,Flakes Outline All GRP,GRP,0,,,,,,,,
unused,,,,,,GE Kings Ransom GRP,GRP,0,,,,,,,,
unused,,,,,,GE Rosa Grande Spoke GRP,GRP,0,,,,,,,,
unused,,,,,,GE Rosa Grande Ring GRP,GRP,0,,,,,,,,
unused,,,,,,GE Rosa Grande Outer Ring GRP,GRP,0,,,,,,,,
unused,,,,,,GE Rosa Grande Outer Ball GRP,GRP,0,,,,,,,,
unused,,,,,,GE Rosa Grande Ribbon GRP,GRP,0,,,,,,,,
unused,,,,,,GE Rosa Grande Feather Short GRP,GRP,0,,,,,,,,
unused,,,,,,GE Rosa Grande Feather Long GRP,GRP,0,,,,,,,,
unused,,,,,,GE Squared Outline GRP,GRP,0,,,,,,,,
unused,,,,,,GE Squared Octagon GRP,GRP,0,,,,,,,,
unused,,,,,,GE Sqaured Squares All GRP,GRP,0,,,,,,,,
unused,,,,,,GE Squared Triangles GRP,GRP,0,,,,,,,,
unused,,,,,,GE Squared Spokes GRP,GRP,0,,,,,,,,
unused,,,,,,GE Sqared Diamond GRP,GRP,0,,,,,,,,
unused,,,,,,GE Squared Triangles 2 GRP,GRP,0,,,,,,,,
unused,,,,,,GE Squared Fan Spoke GRP,GRP,0,,,,,,,,
unused,,,,,,GE Squared Flake Arm GRP,GRP,0,,,,,,,,
unused,,,,,,GE Squared Pinwheel GRP,GRP,0,,,,,,,,
unused,,,,,,GE Squared GRP,GRP,0,,,,,,,,
unused,,,,,,Flakes Arms GRP,GRP,0,,,,,,,,
unused,,,,,,All Pixels GRP - Top Center,GRP,0,,,,,,,,
unused,,,,,,GE Rosa Grande Feather Short Odd GRP,GRP,0,,,,,,,,
unused,,,,,,GE Rosa Grande Feather Short Even GRP,GRP,0,,,,,,,,
unused,,,,,,GE Rosa Grande Wavy GRP,GRP,0,,,,,,,,
unused,,,,,,GE Rosa Grande Torch Short GRP,GRP,0,,,,,,,,
unused,,,,,,GE Rosa Grande Torch Long GRP,GRP,0,,,,,,,,
unused,,,,,,GE Rosa Grande Feather Long Odd GRP,GRP,0,,,,,,,,
unused,,,,,,GE Rosa Grande Feather Long Even GRP,GRP,0,,,,,,,,
unused,,,,,,GE Rosa Grande Torch Short Odd GRP,GRP,0,,,,,,,,
unused,,,,,,GE Rosa Grande Torch Short Even GRP,GRP,0,,,,,,,,
unused,,,,,,GE Rosa Grande Torch Long Odd GRP,GRP,0,,,,,,,,
unused,,,,,,GE Rosa Grande Torch Long Even GRP,GRP,0,,,,,,,,
unused,,,,,,GE Starlord Cross GRP,GRP,0,,,,,,,,
unused,,,,,,GE Rosa Grande Flower GRP,GRP,0,,,,,,,,
unused,,,,,,GE Rosa Grande Snowflake Spoke GRP,GRP,0,,,,,,,,
unused,,,,,,GE Rosa Grande Web Ring GRP,GRP,0,,,,,,,,
unused,,,,,,GE Rosa Grande Web Spoke GRP,GRP,0,,,,,,,,
unused,,,,,,GE Rosa Grande Hook CCW GRP,GRP,0,,,,,,,,
unused,,,,,,GE Rosa Grande Hook CW GRP,GRP,0,,,,,,,,
unused,,,,,,All Pixels Yard Only,GRP,0,,,,,,,,
unused,,,,,,GE SpinArchy Matrix GRP,GRP,0,,,,,,,,
unused,,,,,,GE SpinArchy Short Spoke GRP,GRP,0,,,,,,,,
unused,,,,,,Bulb Oulines w Thread,GRP,0,,,,,,,,
unused,,,,,,GE Space Oddesy Diamond GRP,GRP,0,,,,,,,,
unused,,,,,,GE Space Oddesy GRP,GRP,0,,,,,,,,
unused,,,,,,GE Space Oddesy Outline GRP,GRP,0,,,,,,,,
unused,,,,,,GE Space Oddesy Outlines GRP,GRP,0,,,,,,,,
unused,,,,,,GE Space Oddesy Oval Lg All GRP,GRP,0,,,,,,,,
unused,,,,,,GE Space Oddesy Oval Lg GRP,GRP,0,,,,,,,,
unused,,,,,,GE Space Oddesy Oval Sm All GRP,GRP,0,,,,,,,,
unused,,,,,,GE Space Oddesy Oval Sm GRP,GRP,0,,,,,,,,
unused,,,,,,GE Space Oddesy Points All GRP,GRP,0,,,,,,,,
unused,,,,,,GE Space Oddesy Spokes Even All GRP,GRP,0,,,,,,,,
unused,,,,,,GE Space Oddesy Spokes Even GRP,GRP,0,,,,,,,,
unused,,,,,,GE Space Oddesy Spokes GRP,GRP,0,,,,,,,,
unused,,,,,,GE Space Oddesy Spokes Odd All GRP,GRP,0,,,,,,,,
unused,,,,,,GE Space Oddesy Spokes Odd GRP,GRP,0,,,,,,,,
unused,,,,,,GE Space Oddesy Squaress GRP,GRP,0,,,,,,,,
unused,,,,,,GE Space Oddesy Triangle GRP,GRP,0,,,,,,,,
unused,,,,,,GE Space Oddesy Triangle Lg All GRP,GRP,0,,,,,,,,
unused,,,,,,GE Space Oddesy Triangle Lg GRP,GRP,0,,,,,,,,
unused,,,,,,GE Space Oddesy Triangle Sm All GRP,GRP,0,,,,,,,,
unused,,,,,,GE Space Oddesy Triangle Sm GRP,GRP,0,,,,,,,,
unused,,,,,,Show Brightness Control,GRP,0,,,,,,,,
unused,,,,,,Moving Head Group,GRP,0,,,,,,,,
unused,,,,,,Moving Head Pan Group,GRP,0,,,,,,,,
unused,,,,,,Moving Head Tilt Group,GRP,0,,,,,,,,
unused,,,,,,Moving Head Shutter Group,GRP,0,,,,,,,,
unused,,,,,,GE King Diamond Ball GRP,GRP,0,,,,,,,,
unused,,,,,,GE King Diamond Bar GRP,GRP,0,,,,,,,,
unused,,,,,,GE King Diamond Circle GRP,GRP,0,,,,,,,,
unused,,,,,,GE King Diamond Cone GRP,GRP,0,,,,,,,,
unused,,,,,,GE King Diamond Cone Lg All GRP,GRP,0,,,,,,,,
unused,,,,,,GE King Diamond Cone Sm GRP,GRP,0,,,,,,,,
unused,,,,,,GE King Diamond Diamond GRP,GRP,0,,,,,,,,
unused,,,,,,GE King Diamond GRP,GRP,0,,,,,,,,
unused,,,,,,GE King Diamond Outline GRP,GRP,0,,,,,,,,
unused,,,,,,GE King Diamond Ring GRP,GRP,0,,,,,,,,
unused,,,,,,GE King Diamond Spoke GRP,GRP,0,,,,,,,,
unused,,,,,,GE King Diamond Star GRP,GRP,0,,,,,,,,
unused,,,,,,House Left GRP,GRP,0,,,,,,,,
unused,,,,,,House Center GRP,GRP,0,,,,,,,,
unused,,,,,,GE Shape Shifter Bells GRP,GRP,0,,,,,,,,
unused,,,,,,GE Shape Shifter GRP,GRP,0,,,,,,,,
unused,,,,,,GE Shape Shifter Hook GRP,GRP,0,,,,,,,,
unused,,,,,,GE Shape Shifter Ring GRP,GRP,0,,,,,,,,
unused,,,,,,GE Shape Shifter Spoke GRP,GRP,0,,,,,,,,
unused,,,,,,GE Shape Shifter Squares GRP,GRP,0,,,,,,,,
unused,,,,,,GE Shape Shifter Wedge Even GRP,GRP,0,,,,,,,,
unused,,,,,,GE Shape Shifter Wedge Lg GRP,GRP,0,,,,,,,,
unused,,,,,,GE Shape Shifter Wedge Odd GRP,GRP,0,,,,,,,,
unused,,,,,,GE Fuzion Outline GRP,GRP,0,,,,,,,,
unused,,,,,,GE Fuzion Spoke GRP,GRP,0,,,,,,,,
unused,,,,,,GE Fuzion Star 1 GRP,GRP,0,,,,,,,,
unused,,,,,,GE Fuzion Star 2 GRP,GRP,0,,,,,,,,
unused,,,,,,GE Fuzion Stars GRP,GRP,0,,,,,,,,
unused,,,,,,GE Fuzion Windmill Sm Even GRP,GRP,0,,,,,,,,
unused,,,,,,GE Fuzion Windmill Sm Odd GRP,GRP,0,,,,,,,,
unused,,,,,,Tree Topper Spoke GRP,GRP,0,,,,,,,,
unused,,,,,,Tree Topper Star Spoke GRP,GRP,0,,,,,,,,
unused,,,,,,Tree Topper Point GRP,GRP,0,,,,,,,,
unused,,,,,,Tree Topper Circle GRP,GRP,0,,,,,,,,
unused,,,,,,GE Squared FizzleMyDizzle GRP,GRP,0,,,,,,,,
unused,,,,,,GE Squared Heart Attack GRP,GRP,0,,,,,,,,
unused,,,,,,GE Squared Tinkle Sprinke GRP,GRP,0,,,,,,,,
unused,,,,,,GE Squared WhatsThatSmell GRP,GRP,0,,,,,,,,
unused,,,,,,GE Squared No Frills GRP,GRP,0,,,,,,,,
unused,,,,,,GE Squared Purdy GRP,GRP,0,,,,,,,,
unused,,,,,,GE Squared BoomBah GRP,GRP,0,,,,,,,,
unused,,,,,,GE Squared Are U Jelly GRP,GRP,0,,,,,,,,
unused,,,,,,GE Kings Ransom The Duke GRP,GRP,0,,,,,,,,
unused,,,,,,GE Kings Ransom Church GRP,GRP,0,,,,,,,,
unused,,,,,,GE Kings Ransom Church GRP MODEL,GRP,0,,,,,,,,
unused,,,,,,GE Kings Ransom Dutchess GRP MODEL,GRP,0,,,,,,,,
unused,,,,,,GE Kings Ransom Dutchess GRP,GRP,0,,,,,,,,
unused,,,,,,GE Rosa Grande Torch Long V2 GRP,GRP,0,,,,,,,,
unused,,,,,,GE Space Odyssey I AM BRAD GRP,GRP,0,,,,,,,,
unused,,,,,,GE Space Odyssey Jason Walks GRP,GRP,0,,,,,,,,
unused,,,,,,GE Space Odyssey I Dont Feel So Good GRP,GRP,0,,,,,,,,
unused,,,,,,GE Shape Shifter Barbie GRP Model,GRP,0,,,,,,,,
unused,,,,,,GE Shape Shifter Champagne GRP Model,GRP,0,,,,,,,,
unused,,,,,,GE Shape Shifter Outer Rim GRP Model,GRP,0,,,,,,,,
unused,,,,,,GE Shape Shifter Crank It Up GRP Model,GRP,0,,,,,,,,
unused,,,,,,GE Shape Shifter Slink GRP Model,GRP,0,,,,,,,,
unused,,,,,,GE Shape Shifter Barbie GRP,GRP,0,,,,,,,,
unused,,,,,,GE Shape Shifter Wonder GRP Model,GRP,0,,,,,,,,
unused,,,,,,GE Fuzion Pretty Flake GRP Model,GRP,0,,,,,,,,
unused,,,,,,GE Fuzion Wishful GRP Model,GRP,0,,,,,,,,
unused,,,,,,GE Fuzion Lantern GRP Model,GRP,0,,,,,,,,
unused,,,,,,GE Fuzion Spazz GRP Model,GRP,0,,,,,,,,
unused,,,,,,GE Fuzion Freaky GRP Model,GRP,0,,,,,,,,
unused,,,,,,GE Fuzion Wishful GRP,GRP,0,,,,,,,,
unused,,,,,,GE Fuzion Lantern GRP,GRP,0,,,,,,,,
unused,,,,,,GE Fuzion Spazz GRP,GRP,0,,,,,,,,
unused,,,,,,GE Fuzion Freaky GRP,GRP,0,,,,,,,,
unused,,,,,,GE Fuzion Pretty Flake GRP,GRP,0,,,,,,,,
unused,,,,,,GE Shape Shifter Champagne GRP,GRP,0,,,,,,,,
unused,,,,,,GE Shape Shifter Outer Rim GRP,GRP,0,,,,,,,,
unused,,,,,,GE Shape Shifter Slink GRP,GRP,0,,,,,,,,
unused,,,,,,GE Shape Shifter Crank It Up GRP,GRP,0,,,,,,,,
unused,,,,,,GE Shape Shifter Wonder GRP,GRP,0,,,,,,,,
unused,,,,,,GE King Diamond Spike GRP Model,GRP,0,,,,,,,,
unused,,,,,,GE King Diamond Spike GRP,GRP,0,,,,,,,,
unused,,,,,,GE King Diamond Spiral GRP,GRP,0,,,,,,,,
unused,,,,,,GE King Diamond Get The Point GRP Model,GRP,0,,,,,,,,
unused,,,,,,GE King Diamond Get The Point GRP,GRP,0,,,,,,,,
unused,,,,,,GE King Diamond Missing The Point GRP Model,GRP,0,,,,,,,,
unused,,,,,,GE King Diamond Missing The Point GRP,GRP,0,,,,,,,,
unused,,,,,,Flakes Leaf GRP,GRP,0,,,,,,,,
unused,,,,,,GE XLS Leaf GRP,GRP,0,,,,,,,,
unused,,,,,,GE Shape Shifter Lantern GRP,GRP,0,,,,,,,,
unused,,,,,,GE Shape Shifter Between The Lantern,GRP,0,,,,,,,,
unused,,,,,,GE Kings Ransom Entrails GRP,GRP,0,,,,,,,,
unused,,,,,,GE Kings Ransom Hag GRP,GRP,0,,,,,,,,
unused,,,,,,GE Kings Ransom Follow Me Long GRP,GRP,0,,,,,,,,
unused,,,,,,GE Kings Ransom Follow Me Short GRP,GRP,0,,,,,,,,
unused,,,,,,GE Kings Ransom Shard GRP,GRP,0,,,,,,,,
unused,,,,,,GE Kings Ransom Square Rotation GRP,GRP,0,,,,,,,,
unused,,,,,,GE Kings Ransom Excalibur GRP,GRP,0,,,,,,,,
unused,,,,,,GE King Diamon Get The Point GRP,GRP,0,,,,,,,,
unused,,,,,,GE King Diamond Resolution GRP,GRP,0,,,,,,,,
unused,,,,,,GE Rosa Grande Superfly GRP,GRP,0,,,,,,,,
unused,,,,,,GE CC Boom Cone All GRP,GRP,0,,,,,,,,
unused,,,,,,GE CC Boom Cone Even GRP,GRP,0,,,,,,,,
unused,,,,,,GE CC Boom Cone Odd GRP,GRP,0,,,,,,,,
unused,,,,,,GE CC Boom Cone SM All GRP,GRP,0,,,,,,,,
unused,,,,,,GE CC Boom Cone SM Odd GRP,GRP,0,,,,,,,,
unused,,,,,,GE CC Boom Cone Small Even GRP,GRP,0,,,,,,,,
unused,,,,,,GE CC Boom Cones All GRP Model,GRP,0,,,,,,,,
unused,,,,,,GE CC Boom Cones SM-LG All GRP,GRP,0,,,,,,,,
unused,,,,,,GE CC Boom Finger GRP,GRP,0,,,,,,,,
unused,,,,,,GE CC Boom Outline GRP,GRP,0,,,,,,,,
unused,,,,,,GE CC Boom Outside Ball GRP,GRP,0,,,,,,,,
unused,,,,,,GE CC Boom Piece of Work GRP,GRP,0,,,,,,,,
unused,,,,,,GE CC Boom Piece of Work GRP Model,GRP,0,,,,,,,,
unused,,,,,,GE CC Boom Pull My Finger GRP,GRP,0,,,,,,,,
unused,,,,,,GE CC Boom Pull my Finger GRP Model,GRP,0,,,,,,,,
unused,,,,,,GE CC Boom Snarfle GRP Model,GRP,0,,,,,,,,
unused,,,,,,GE CC Boom Snarlfle GRP,GRP,0,,,,,,,,
unused,,,,,,GE CC Boom Spokes GRP,GRP,0,,,,,,,,
unused,,,,,,GE CC Boom Spokes Inner GRP,GRP,0,,,,,,,,
unused,,,,,,GE CC Boom Star GRP,GRP,0,,,,,,,,
unused,,,,,,GE CC Boom Stigma GRP,GRP,0,,,,,,,,
unused,,,,,,GE CC Boom Stigma GRP Model,GRP,0,,,,,,,,
unused,,,,,,GE CC Boom Strangness GRP,GRP,0,,,,,,,,
unused,,,,,,GE CC Boom Strangness Model,GRP,0,,,,,,,,
unused,,,,,,GE CC Boom Thelma GRP,GRP,0,,,,,,,,
unused,,,,,,GE CC Boom Thelma GRP Model,GRP,0,,,,,,,,
unused,,,,,,GE CC Boom GRP,GRP,0,,,,,,,,
unused,,,,,,GE Click Click Boom Pull My Finger GRP,GRP,0,,,,,,,,
unused,,,,,,Torch Long Test GRP,GRP,0,,,,,,,,
unused,,,,,,GE Rosa Grande Splice GRP,GRP,0,,,,,,,,
unused,,,,,,GE Rosa Grande Avil GRP,GRP,0,,,,,,,,
unused,,,,,,GE Rosa Grande Spirit GRP,GRP,0,,,,,,,,
