Row,Confidence,Score,Source Model,Source Type,Source Pixels,Dest Model,Dest Type,Dest Pixels,Reason,F:Name,F:Spatial,F:Shape,F:Type,F:Pixels,F:Structure,Correct Dest Model,Training Comments
1,HIGH,1.00,VLS GROUP - HOUSE OUTLINE,GRP,0,All - House Outlines - GRP,GRP,0,Name match · Type match,1.00,0.50,0.50,1.00,0.50,0.50,,
2,HIGH,0.91,VLS GROUP - ALL SPIDERS,GRP,0,All - Spiders - GRP,GRP,0,Name match · Type match,1.00,0.50,0.50,1.00,0.50,0.50,,
3,MEDIUM,0.60,VLS GROUP - HOUSE WITH PROPS,GRP,0,All - House - GRP,GRP,0,Manual mapping,0.60,0.50,0.50,0.50,0.50,0.50,,
4,MEDIUM,0.60,VLS GROUP - ALL TOMBSTONES,GRP,0,All - Tombstones - GRP,GRP,0,Manual mapping,0.60,0.50,0.50,0.50,0.50,0.50,,
5,MEDIUM,0.60,VLS GROUP - ALL GHOSTS,GRP,0,All - Mini Trees - GRP,GRP,0,Manual mapping,0.60,0.50,0.50,0.50,0.50,0.50,,
6,MEDIUM,0.60,VLS GROUP - ALL TOMBSTONES  GHOSTS,GRP,0,All - Tombstones - Small - GRP,GRP,0,Manual mapping,0.60,0.50,0.50,0.50,0.50,0.50,,
7,LOW,0.56,VLS GROUP - VERTICAL LINES,GRP,0,All - Fence - GRP,GRP,0,Type match,0.29,0.50,0.50,1.00,0.50,0.50,,
8,LOW,0.75,VLS GROUP - HORIZONTAL LINES,GRP,0,S - Arrows,GRP,0,Type match · Group children not exposed in layout,0.00,0.50,0.50,1.00,0.50,0.50,,
9,MEDIUM,0.60,VLS GROUP - ALL ELEMENTS,GRP,0,All - Pixels - GRP,GRP,0,Manual mapping,0.60,0.50,0.50,0.50,0.50,0.50,,
10,HIGH,1.00,VLS GROUP - ARCHES,GRP,0,All - Arches - GRP,GRP,0,Name match · Type match,1.00,0.50,0.50,1.00,0.50,0.50,,
11,LOW,0.50,VLS GROUP - ALL MATRIX,GRP,0,All - Yard Right - GRP,GRP,0,Type match,0.13,0.50,0.50,1.00,0.50,0.50,,
12,HIGH,1.00,VLS GROUP - SPINNERS,GRP,0,All - Spinners - GRP,GRP,0,Name match · Type match,1.00,0.50,0.50,1.00,0.50,0.50,,
13,LOW,0.60,VLS GROUP - SPIDERS AND SPINNERS,GRP,0,FOLDER - GE Spider Groups,GRP,0,Fuzzy name match · Type match,0.56,0.50,0.50,1.00,0.50,0.50,,
14,MEDIUM,0.60,VLS GROUP - TOMSTONE OUTLINE,GRP,0,GE Rosa Tomb Outline GRP,GRP,0,Manual mapping,0.60,0.50,0.50,0.50,0.50,0.50,,
15,MEDIUM,1.00,VLS GROUP - TOMBSTONE RIP,GRP,0,All - Tombstone Outlines - GRP,GRP,0,Fuzzy name match · Type match · Group children not exposed in layout,0.84,0.50,0.50,1.00,0.50,0.50,,
16,MEDIUM,0.60,VLS GROUP - GHOST OUTLINE,GRP,0,All - Mini Pumpkin Outlines - GRP,GRP,0,Manual mapping,0.60,0.50,0.50,0.50,0.50,0.50,,
17,MEDIUM,0.60,VLS GROUP - GHOST EYES MOUTH,GRP,0,All - Eyes - GRP,GRP,0,Manual mapping,0.60,0.50,0.50,0.50,0.50,0.50,,
18,MEDIUM,0.82,VLS GROUP - SPINNER SPOKES,GRP,0,GE CC Boom Spokes GRP,GRP,0,Type match · Group children not exposed in layout,0.29,0.50,0.50,1.00,0.50,0.50,,
19,MEDIUM,0.85,VLS GROUP - SPINNER OUTER CIRCLE,GRP,0,S - Circles (V),GRP,0,Type match · Group children not exposed in layout,0.40,0.50,0.50,1.00,0.50,0.50,,
20,MEDIUM,0.91,VLS GROUP - SPIDER HOURGLASS,GRP,0,All - Spider Hourglasses - GRP,GRP,0,Name match · Type match · Group children not exposed in layout,1.00,0.50,0.50,1.00,0.50,0.50,,
21,MEDIUM,0.60,VLS GROUP - HOUSE LETTERS,GRP,0,All - Mini Pumpkins - GRP,GRP,0,Manual mapping,0.60,0.50,0.50,0.50,0.50,0.50,,
22,MEDIUM,0.60,VLS GROUP - ICICLES,GRP,0,S - All Rings,GRP,0,Manual mapping,0.60,0.50,0.50,0.50,0.50,0.50,,
23,HIGH,1.00,VLS GROUP - HOUSE FLOODS,GRP,0,All - Floods - GRP,GRP,0,Name match · Type match,1.00,0.50,0.50,1.00,0.50,0.50,,
24,MEDIUM,0.60,VLS GROUP - FLYING BAT WINGS UP,GRP,0,GE Rosa Tomb Wings Up GRP,GRP,0,Manual mapping,0.60,0.50,0.50,0.50,0.50,0.50,,
25,MEDIUM,0.60,VLS GROUP - FLYING BAT WINGS DOWN,GRP,0,GE Rosa Tomb Wings Down GRP,GRP,0,Manual mapping,0.60,0.50,0.50,0.50,0.50,0.50,,
26,UNMAPPED,0.00,VLS GROUP - MOVING HEADS,GRP,0,,,,No suitable match found in your layout.,0.00,0.00,0.00,0.00,0.00,0.00,,
27,UNMAPPED,0.00,MH - PRISM 2 ROTATE,Line,1,,,,No suitable match found in your layout.,0.00,0.00,0.00,0.00,0.00,0.00,,
28,UNMAPPED,0.00,MH - PRISM 2,Line,1,,,,No suitable match found in your layout.,0.00,0.00,0.00,0.00,0.00,0.00,,
29,UNMAPPED,0.00,MH - PRISM 1 ROTATE,Line,1,,,,No suitable match found in your layout.,0.00,0.00,0.00,0.00,0.00,0.00,,
30,UNMAPPED,0.00,GARAGE SPINNER LEFT,Spinner,85,,,,No suitable match found in your layout.,0.00,0.00,0.00,0.00,0.00,0.00,,
31,MEDIUM,0.66,GARAGE SPINNER RIGHT,Spinner,85,Spinner - Fuzion,Spinner,996,Shape match · Type match · Node count differs (85 vs 996) · Structure differs,0.49,0.72,1.00,1.00,0.00,0.20,,
31-sub,MEDIUM,,Spokes,,60px,Spoke 1,,12px,,,,,,,,
31-sub,HIGH,,Outer Ring,,36px,Ring 7,,25px,,,,,,,,
31-sub,MEDIUM,,Outer Ring Segments,,36px,Ring 3,,24px,,,,,,,,
31-sub,UNMAPPED,,Spiral,,61px,M 1,,62px,,,,,,,,
32,UNMAPPED,0.00,ROOF SPINNER 1,Spinner,85,,,,No suitable match found in your layout.,0.00,0.00,0.00,0.00,0.00,0.00,,
33,UNMAPPED,0.00,ROOF SPINNER 2,Spinner,85,,,,No suitable match found in your layout.,0.00,0.00,0.00,0.00,0.00,0.00,,
34,UNMAPPED,0.00,MOVING HEAD 1,Custom,20,,,,No suitable match found in your layout.,0.00,0.00,0.00,0.00,0.00,0.00,,
35,UNMAPPED,0.00,ROOF SPINNER 3,Spinner,85,,,,No suitable match found in your layout.,0.00,0.00,0.00,0.00,0.00,0.00,,
36,UNMAPPED,0.00,ROOF SPINNER 4,Spinner,85,,,,No suitable match found in your layout.,0.00,0.00,0.00,0.00,0.00,0.00,,
37,LOW,0.56,MATRIX SPINNER RIGHT,Spinner,85,Pixel Forest,Matrix,50,Name match · Shape mismatch · Type mismatch,0.85,0.75,0.00,0.00,0.50,0.50,,
37-sub,UNMAPPED,,Spokes,,60px,,,,,,,,,,,
37-sub,UNMAPPED,,Outer Ring,,36px,,,,,,,,,,,
37-sub,UNMAPPED,,Outer Ring Segments,,36px,,,,,,,,,,,
37-sub,UNMAPPED,,Spiral,,61px,,,,,,,,,,,
38,LOW,0.56,MATRIX SPINNER LEFT,Spinner,85,Matrix,Matrix,114688,Name match · Position match · Shape mismatch · Type mismatch · Structure differs,0.85,0.88,0.00,0.00,0.50,0.20,,
38-sub,UNMAPPED,,Spokes,,60px,,,,,,,,,,,
38-sub,UNMAPPED,,Outer Ring,,36px,,,,,,,,,,,
38-sub,UNMAPPED,,Outer Ring Segments,,36px,,,,,,,,,,,
38-sub,UNMAPPED,,Spiral,,61px,,,,,,,,,,,
39,MEDIUM,0.60,MATRIX 2,Matrix,6300,Fence Panel 2,Matrix,12635,Manual mapping,0.60,0.50,0.50,0.50,0.50,0.50,,
39-sub,UNMAPPED,,DefaultRenderBuffer,,2000px,,,,,,,,,,,
39-sub,UNMAPPED,,WINDOW 1 BORDER,,322px,,,,,,,,,,,
39-sub,UNMAPPED,,BOTTOM,,100px,,,,,,,,,,,
39-sub,UNMAPPED,,TOP,,100px,,,,,,,,,,,
39-sub,UNMAPPED,,RIGHT SIDE,,125px,,,,,,,,,,,
39-sub,UNMAPPED,,LEFT SIDE,,63px,,,,,,,,,,,
39-sub,UNMAPPED,,level 1,,?px,,,,,,,,,,,
39-sub,UNMAPPED,,level 2,,200px,,,,,,,,,,,
39-sub,UNMAPPED,,level 3,,200px,,,,,,,,,,,
39-sub,UNMAPPED,,level 4,,200px,,,,,,,,,,,
39-sub,UNMAPPED,,level 5,,200px,,,,,,,,,,,
39-sub,UNMAPPED,,level 6,,200px,,,,,,,,,,,
39-sub,UNMAPPED,,level 7,,200px,,,,,,,,,,,
39-sub,UNMAPPED,,level 8,,200px,,,,,,,,,,,
40,UNMAPPED,0.00,MH - TILT,Line,1,,,,No suitable match found in your layout.,0.00,0.00,0.00,0.00,0.00,0.00,,
41,UNMAPPED,0.00,MH - SHUTTER,Line,1,,,,No suitable match found in your layout.,0.00,0.00,0.00,0.00,0.00,0.00,,
42,UNMAPPED,0.00,MH - PRISM,Line,1,,,,No suitable match found in your layout.,0.00,0.00,0.00,0.00,0.00,0.00,,
43,UNMAPPED,0.00,MH - PAN TILT TIME,Line,1,,,,No suitable match found in your layout.,0.00,0.00,0.00,0.00,0.00,0.00,,
44,UNMAPPED,0.00,MH - PAN,Line,1,,,,No suitable match found in your layout.,0.00,0.00,0.00,0.00,0.00,0.00,,
45,UNMAPPED,0.00,MH - FROST,Line,1,,,,No suitable match found in your layout.,0.00,0.00,0.00,0.00,0.00,0.00,,
46,UNMAPPED,0.00,MH - FOCUS,Line,1,,,,No suitable match found in your layout.,0.00,0.00,0.00,0.00,0.00,0.00,,
47,UNMAPPED,0.00,MH - DIMMER,Line,1,,,,No suitable match found in your layout.,0.00,0.00,0.00,0.00,0.00,0.00,,
48,UNMAPPED,0.00,MH - COLOR,Line,1,,,,No suitable match found in your layout.,0.00,0.00,0.00,0.00,0.00,0.00,,
49,UNMAPPED,0.00,MOVING HEAD 4,Custom,20,,,,No suitable match found in your layout.,0.00,0.00,0.00,0.00,0.00,0.00,,
50,UNMAPPED,0.00,MOVING HEAD 3,Custom,20,,,,No suitable match found in your layout.,0.00,0.00,0.00,0.00,0.00,0.00,,
51,UNMAPPED,0.00,MOVING HEAD 2,Custom,20,,,,No suitable match found in your layout.,0.00,0.00,0.00,0.00,0.00,0.00,,
52,UNMAPPED,0.00,BLACK WIDOW 8,Custom,100,,,,No suitable match found in your layout.,0.00,0.00,0.00,0.00,0.00,0.00,,
53,UNMAPPED,0.00,Boscoyo 09 Letter I-2,Custom,24,,,,No suitable match found in your layout.,0.00,0.00,0.00,0.00,0.00,0.00,,
54,HIGH,1.00,ARCH 3,Arch,150,Arch 6,Arch,150,Name match · Position match · Shape match · Type match · Node count match · Structure match,0.85,0.92,1.00,1.00,1.00,1.00,,
54-sub,HIGH,,Outside Arch,,50px,Outer Arch,,50px,,,,,,,,
54-sub,HIGH,,Middle Arch,,50px,Middle Arch,,50px,,,,,,,,
54-sub,HIGH,,Inside Arch,,50px,Inner Arch,,50px,,,,,,,,
55,MEDIUM,0.60,ARCH 4,Arch,150,Arch 5,Arch,150,Manual mapping,0.60,0.50,0.50,0.50,0.50,0.50,,
55-sub,HIGH,,Outside Arch,,50px,Outer Arch,,50px,,,,,,,,
55-sub,HIGH,,Middle Arch,,50px,Middle Arch,,50px,,,,,,,,
55-sub,HIGH,,Inside Arch,,50px,Inner Arch,,50px,,,,,,,,
56,MEDIUM,0.70,RGB SINGING BULB 4,Singing Face,170,GE Rosa Tomb 4,Tombstone,485,Name match · Position match · Type mismatch · Node count differs (170 vs 485) · Structure differs,1.00,0.85,0.40,0.00,0.08,0.20,,
56-sub,HIGH,,Base,,27px,Bat Flying Wings Up,,28px,,,,,,,,
56-sub,HIGH,,Bulb,,42px,Bat Flying Wings Down,,34px,,,,,,,,
56-sub,HIGH,,Mouth 1,,10px,Paddle Arm 1,,11px,,,,,,,,
56-sub,HIGH,,Mouth 2,,25px,Warp 2,,12px,,,,,,,,
56-sub,HIGH,,Mouth 3,,20px,Cross Highlights,,19px,,,,,,,,
56-sub,HIGH,,Mouth 4,,22px,Warp 4,,12px,,,,,,,,
56-sub,HIGH,,Mouth 5,,8px,Cross Spinner Ring 5,,8px,,,,,,,,
56-sub,HIGH,,Open RT Eye,,11px,Paddle Arm 2,,11px,,,,,,,,
56-sub,HIGH,,Close RT Eye,,9px,Cross Spinner Ring 1,,8px,,,,,,,,
56-sub,HIGH,,Open LT Eye,,11px,Paddle Arm 3,,11px,,,,,,,,
56-sub,HIGH,,Close LT Eye,,9px,Cross Spinner Ring 2,,8px,,,,,,,,
56-sub,HIGH,,Open Eyes,,22px,Cross Spinner Outline,,32px,,,,,,,,
56-sub,HIGH,,Closed Eyes,,18px,Gourds-05,,13px,,,,,,,,
56-sub,HIGH,,EVIL EYES,,22px,Star,,32px,,,,,,,,
56-sub,MEDIUM,,MOUTH AH,,32px,Flake Outline,,64px,,,,,,,,
56-sub,HIGH,,Mouth 6,,15px,Warp 6,,12px,,,,,,,,
56-sub,HIGH,,Open RT Eye-1,,13px,Warp 1,,12px,,,,,,,,
56-sub,HIGH,,Open LT Eye-1,,13px,Gourds-01,,12px,,,,,,,,
56-sub,MEDIUM,,Open Eyes-1,,26px,Tomb Ring 1,,8px,,,,,,,,
56-sub,MEDIUM,,MOUTH AH-1,,28px,Cross Spinner Spoke 1,,5px,,,,,,,,
56-sub,MEDIUM,,Genie Necklace,,18px,Bat Body,,12px,,,,,,,,
56-sub,MEDIUM,,Genie left earring,,3px,Bat Eyes,,2px,,,,,,,,
57,MEDIUM,0.70,RGB SINGING BULB 3,Singing Face,170,GE Rosa Tomb 3,Tombstone,485,Name match · Position match · Type mismatch · Node count differs (170 vs 485) · Structure differs,1.00,0.85,0.40,0.00,0.08,0.20,,
57-sub,HIGH,,Base,,27px,Bat Flying Wings Up,,28px,,,,,,,,
57-sub,HIGH,,Bulb,,42px,Bat Flying Wings Down,,34px,,,,,,,,
57-sub,HIGH,,Mouth 1,,10px,Paddle Arm 1,,11px,,,,,,,,
57-sub,HIGH,,Mouth 2,,25px,Warp 2,,12px,,,,,,,,
57-sub,HIGH,,Mouth 3,,20px,Cross Highlights,,19px,,,,,,,,
57-sub,HIGH,,Mouth 4,,22px,Warp 4,,12px,,,,,,,,
57-sub,HIGH,,Mouth 5,,8px,Cross Spinner Ring 5,,8px,,,,,,,,
57-sub,HIGH,,Open RT Eye,,11px,Paddle Arm 2,,11px,,,,,,,,
57-sub,HIGH,,Close RT Eye,,9px,Cross Spinner Ring 1,,8px,,,,,,,,
57-sub,HIGH,,Open LT Eye,,11px,Paddle Arm 3,,11px,,,,,,,,
57-sub,HIGH,,Close LT Eye,,9px,Cross Spinner Ring 2,,8px,,,,,,,,
57-sub,HIGH,,Open Eyes,,22px,Cross Spinner Outline,,32px,,,,,,,,
57-sub,HIGH,,Closed Eyes,,18px,Gourds-05,,13px,,,,,,,,
57-sub,HIGH,,EVIL EYES,,22px,Star,,32px,,,,,,,,
57-sub,MEDIUM,,MOUTH AH,,32px,Flake Outline,,64px,,,,,,,,
57-sub,HIGH,,Mouth 6,,15px,Warp 6,,12px,,,,,,,,
57-sub,HIGH,,Open RT Eye-1,,13px,Warp 1,,12px,,,,,,,,
57-sub,HIGH,,Open LT Eye-1,,13px,Gourds-01,,12px,,,,,,,,
57-sub,MEDIUM,,Open Eyes-1,,26px,Tomb Ring 1,,8px,,,,,,,,
57-sub,MEDIUM,,MOUTH AH-1,,28px,Cross Spinner Spoke 1,,5px,,,,,,,,
57-sub,MEDIUM,,Genie Necklace,,18px,Bat Body,,12px,,,,,,,,
57-sub,MEDIUM,,Genie left earring,,3px,Bat Eyes,,2px,,,,,,,,
58,MEDIUM,0.62,PERM LIGHTS - LEVEL 2 STRAND 4,Line,3,Vert 14 - Garage 2,Line,78,Position match · Shape match · Type match · Node count differs (3 vs 78),0.09,0.84,1.00,1.00,0.00,0.50,,
59,UNMAPPED,0.00,PERM LIGHTS - LEVEL 1 SOFFIT 1,Line,82,,,,No suitable match found in your layout.,0.00,0.00,0.00,0.00,0.00,0.00,,
60,MEDIUM,0.62,PERM LIGHTS - LEVEL 2 STRAND 9,Line,10,Eave 24 - Garage Peak 2,Line,48,Position match · Shape match · Type match · Node count differs (10 vs 48),0.08,0.85,1.00,1.00,0.00,0.50,,
61,MEDIUM,0.61,PERM LIGHTS - LEVEL 2 STRAND 8,Line,10,Vert 2 - Office 2,Line,75,Shape match · Type match · Node count differs (10 vs 75),0.10,0.76,1.00,1.00,0.00,0.50,,
62,LOW,0.56,PERM LIGHTS - LEVEL 2 STRAND 7,Line,10,Vert 1 - Office 1,Line,75,Shape match · Type match · Node count differs (10 vs 75),0.00,0.64,1.00,1.00,0.00,0.50,,
63,MEDIUM,0.68,PERM LIGHTS - LEVEL 2 STRAND 6,Line,21,Eave 22 - Garage Left,Line,20,Shape match · Type match · Node count match,0.00,0.75,1.00,1.00,1.00,0.50,,
64,LOW,0.45,RETRO GHOST 2,Ghost,200,Tombstone Small - 2,Tombstone,150,Position match · Shape match · Type mismatch · Structure differs,0.11,0.94,1.00,0.00,0.53,0.20,,
64-sub,MEDIUM,,outline,,48px,Border,,110px,,,,,,,,
64-sub,UNMAPPED,,armsout,,21px,,,,,,,,,,,
64-sub,UNMAPPED,,armsin,,29px,RIP,,40px,,,,,,,,
64-sub,UNMAPPED,,Arms Alternate Left,,24px,,,,,,,,,,,
64-sub,UNMAPPED,,Alternate Right,,26px,,,,,,,,,,,
64-sub,UNMAPPED,,eyesopen,,14px,,,,,,,,,,,
64-sub,UNMAPPED,,eyesclosed,,4px,,,,,,,,,,,
64-sub,UNMAPPED,,brows,,17px,,,,,,,,,,,
64-sub,UNMAPPED,,mouthopen,,52px,,,,,,,,,,,
64-sub,UNMAPPED,,mouthclosed,,7px,,,,,,,,,,,
64-sub,UNMAPPED,,embarassedlines,,24px,,,,,,,,,,,
65,UNMAPPED,0.00,VISIONARY 450 V2,Custom,450,,,,No suitable match found in your layout.,0.00,0.00,0.00,0.00,0.00,0.00,,
66,MEDIUM,0.64,PERM LIGHTS - LEVEL 2 STRAND 5,Line,18,Eave 26 - Garage 2,Line,21,Shape match · Type match · Structure differs,0.08,0.71,1.00,1.00,0.71,0.20,,
66-sub,UNMAPPED,,STRAND 1,,20px,,,,,,,,,,,
67,MEDIUM,0.64,PERM LIGHTS - LEVEL 2 STRAND 3,Line,7,Eave 3 - Office Peak 2,Line,54,Position match · Shape match · Type match · Node count differs (7 vs 54),0.15,0.87,1.00,1.00,0.00,0.50,,
68,MEDIUM,0.61,PERM LIGHTS - LEVEL 2 STRAND 2,Line,3,Eave 2 - Office Peak 1,Line,54,Position match · Shape match · Type match · Node count differs (3 vs 54),0.08,0.82,1.00,1.00,0.00,0.50,,
69,MEDIUM,0.68,PERM LIGHTS - LEVEL 2 STRAND 1,Line,42,Eave 4 - Office Right,Line,40,Shape match · Type match · Node count match,0.00,0.74,1.00,1.00,1.00,0.50,,
70,LOW,0.40,RETRO GHOST,Ghost,200,Tombstone Small - 3,Tombstone,150,Position match · Shape match · Type mismatch · Structure differs,0.00,0.94,1.00,0.00,0.53,0.20,,
70-sub,MEDIUM,,outline,,48px,Border,,110px,,,,,,,,
70-sub,UNMAPPED,,armsout,,21px,,,,,,,,,,,
70-sub,UNMAPPED,,armsin,,29px,RIP,,40px,,,,,,,,
70-sub,UNMAPPED,,Arms Alternate Left,,24px,,,,,,,,,,,
70-sub,UNMAPPED,,Alternate Right,,26px,,,,,,,,,,,
70-sub,UNMAPPED,,eyesopen,,14px,,,,,,,,,,,
70-sub,UNMAPPED,,eyesclosed,,4px,,,,,,,,,,,
70-sub,UNMAPPED,,brows,,17px,,,,,,,,,,,
70-sub,UNMAPPED,,mouthopen,,52px,,,,,,,,,,,
70-sub,UNMAPPED,,mouthclosed,,7px,,,,,,,,,,,
70-sub,UNMAPPED,,embarassedlines,,24px,,,,,,,,,,,
71,UNMAPPED,0.00,VISIONARY 300V2-2,Custom,300,,,,No suitable match found in your layout.,0.00,0.00,0.00,0.00,0.00,0.00,,
72,LOW,0.41,VISIONARY 300 V2,Custom,300,Tree Real 1 - Fork Left,Tree,300,Type mismatch · Node count match · Structure differs,0.00,0.71,0.40,0.30,1.00,0.20,,
72-sub,UNMAPPED,,Spokes,,60px,,,,,,,,,,,
72-sub,UNMAPPED,,Spokes Alternating,,60px,,,,,,,,,,,
72-sub,UNMAPPED,,Lasers,,132px,,,,,,,,,,,
72-sub,UNMAPPED,,Triangles - Segments,,60px,,,,,,,,,,,
72-sub,UNMAPPED,,Hexagon - Segments,,48px,,,,,,,,,,,
72-sub,UNMAPPED,,Outer Ring - Segments,,48px,,,,,,,,,,,
72-sub,UNMAPPED,,Curved Spokes Left,,60px,,,,,,,,,,,
72-sub,UNMAPPED,,Curved Spokes Right,,60px,,,,,,,,,,,
72-sub,UNMAPPED,,Lightning Left,,72px,,,,,,,,,,,
72-sub,UNMAPPED,,Lightning Right,,72px,,,,,,,,,,,
72-sub,UNMAPPED,,Lightning Left Alternating,,71px,,,,,,,,,,,
72-sub,UNMAPPED,,Lightning Right Alternating,,72px,,,,,,,,,,,
72-sub,UNMAPPED,,Arrows,,120px,,,,,,,,,,,
72-sub,UNMAPPED,,Web,,60px,,,,,,,,,,,
72-sub,UNMAPPED,,Ring 9 - Outer,,48px,,,,,,,,,,,
72-sub,UNMAPPED,,Ring 8,,48px,,,,,,,,,,,
72-sub,UNMAPPED,,Ring 7 - Hexagon,,48px,,,,,,,,,,,
72-sub,UNMAPPED,,Ring 6 - Triangles,,60px,,,,,,,,,,,
72-sub,UNMAPPED,,Ring 5,,36px,,,,,,,,,,,
72-sub,UNMAPPED,,Ring 4,,24px,,,,,,,,,,,
72-sub,UNMAPPED,,Ring 3,,12px,,,,,,,,,,,
72-sub,UNMAPPED,,Ring 2,,?px,,,,,,,,,,,
72-sub,UNMAPPED,,Ring 1 - Inner,,12px,,,,,,,,,,,
73,UNMAPPED,0.00,FRONT DOOR WREATH,Wreath,696,,,,No suitable match found in your layout.,0.00,0.00,0.00,0.00,0.00,0.00,,
74,MEDIUM,0.60,Icicles 12,Icicles,200,Tree Real 1 - Trunk,Tree,200,Manual mapping,0.60,0.50,0.50,0.50,0.50,0.50,,
74-sub,UNMAPPED,,soffit horizontal,,60px,,,,,,,,,,,
74-sub,UNMAPPED,,vertical icicles,,140px,,,,,,,,,,,
74-sub,UNMAPPED,,horizointal icicles,,196px,,,,,,,,,,,
75,MEDIUM,0.60,MEGATREE BAT,Mega Tree,50,Spider - Tree Topper,Spider,350,Manual mapping,0.60,0.50,0.50,0.50,0.50,0.50,,
75-sub,HIGH,,EYES,,2px,Eyes,,2px,,,,,,,,
75-sub,HIGH,,OUTLINE,,48px,Body 2,,40px,,,,,,,,
76,MEDIUM,0.60,MEGATREE BAT 2,Mega Tree,50,Spinner - Overlord,Spinner,1529,Manual mapping,0.60,0.50,0.50,0.50,0.50,0.50,,
76-sub,UNMAPPED,,EYES,,2px,,,,,,,,,,,
76-sub,UNMAPPED,,OUTLINE,,48px,Desparado Odd-01,,48px,,,,,,,,
77,UNMAPPED,0.00,MEGA BLACK WIDOW 1,Custom,187,,,,No suitable match found in your layout.,0.00,0.00,0.00,0.00,0.00,0.00,,
78,MEDIUM,0.67,MEGA BLACK WIDOW 2,Custom,187,Singing Pumpkin,Pumpkin,263,Name match · Shape match · Type mismatch · Structure differs,0.85,0.57,1.00,0.30,0.48,0.20,,
78-sub,UNMAPPED,,All Legs,,137px,,,,,,,,,,,
78-sub,UNMAPPED,,Body,,28px,,,,,,,,,,,
78-sub,UNMAPPED,,Hour Glass,,11px,,,,,,,,,,,
78-sub,UNMAPPED,,Mouth,,10px,,,,,,,,,,,
78-sub,UNMAPPED,,Eyes,,2px,,,,,,,,,,,
78-sub,UNMAPPED,,Leg1,,15px,,,,,,,,,,,
78-sub,UNMAPPED,,Leg2,,17px,,,,,,,,,,,
78-sub,UNMAPPED,,Leg3,,17px,,,,,,,,,,,
78-sub,UNMAPPED,,Leg4,,19px,,,,,,,,,,,
78-sub,UNMAPPED,,Leg5,,15px,,,,,,,,,,,
78-sub,UNMAPPED,,Leg6,,17px,,,,,,,,,,,
78-sub,UNMAPPED,,Leg7,,18px,,,,,,,,,,,
78-sub,UNMAPPED,,Leg8,,19px,,,,,,,,,,,
79,MEDIUM,0.60,MATRIX 1,Matrix,1440,Fence Panel 1,Matrix,12635,Manual mapping,0.60,0.50,0.50,0.50,0.50,0.50,,
79-sub,UNMAPPED,,TOP,,48px,,,,,,,,,,,
79-sub,UNMAPPED,,BOTTOM,,48px,,,,,,,,,,,
79-sub,UNMAPPED,,LET SIDE,,38px,,,,,,,,,,,
79-sub,UNMAPPED,,right side,,38px,,,,,,,,,,,
80,LOW,0.48,LOWER COLUMN 4,Line,31,Floods 4,Line,2,Shape match · Type match · Node count differs (31 vs 2),0.33,0.40,1.00,1.00,0.00,0.50,,
81,LOW,0.48,Icicles 7,Icicles,140,Arch 7,Arch,150,Shape match · Type mismatch · Structure match,0.20,0.54,1.00,0.00,0.87,1.00,,
81-sub,UNMAPPED,,soffit horizontal,,42px,Outer Arch,,50px,,,,,,,,
81-sub,UNMAPPED,,vertical icicles,,140px,,,,,,,,,,,
81-sub,UNMAPPED,,horizointal icicles,,189px,,,,,,,,,,,
82,UNMAPPED,0.00,TUNE TO RADIO,Sign,700,,,,No suitable match found in your layout.,0.00,0.00,0.00,0.00,0.00,0.00,,
83,UNMAPPED,0.00,GHOST 7,Ghost,150,,,,No suitable match found in your layout.,0.00,0.00,0.00,0.00,0.00,0.00,,
84,UNMAPPED,0.00,GHOST 6,Ghost,150,,,,No suitable match found in your layout.,0.00,0.00,0.00,0.00,0.00,0.00,,
85,UNMAPPED,0.00,GHOST 5,Ghost,150,,,,No suitable match found in your layout.,0.00,0.00,0.00,0.00,0.00,0.00,,
86,UNMAPPED,0.00,GHOST 4,Ghost,150,,,,No suitable match found in your layout.,0.00,0.00,0.00,0.00,0.00,0.00,,
87,UNMAPPED,0.00,GHOST 3,Ghost,150,,,,No suitable match found in your layout.,0.00,0.00,0.00,0.00,0.00,0.00,,
88,UNMAPPED,0.00,GHOST 2,Ghost,150,,,,No suitable match found in your layout.,0.00,0.00,0.00,0.00,0.00,0.00,,
89,UNMAPPED,0.00,GHOST 1,Ghost,150,,,,No suitable match found in your layout.,0.00,0.00,0.00,0.00,0.00,0.00,,
90,MEDIUM,0.80,IC TARANTULA 2,Custom,555,Spinner - Showstopper 2,Spinner,541,Name match · Type mismatch · Node count match · Structure differs,1.00,0.65,0.40,0.30,1.00,0.20,,
90-sub,HIGH,,GROUP - ALL NO BACKSTRIPES,,499px,01 Cascading Arches,,481px,,,,,,,,
90-sub,HIGH,,GROUP - ALL BODY NO LEGS OR BACK STRIPES,,74px,62 Spinners - Inner,,72px,,,,,,,,
90-sub,HIGH,,GROUP - ALL LEGS,,340px,11 Oysters,,351px,,,,,,,,
90-sub,HIGH,,GROUP - BACK STRIPES,,43px,Cascading Arches-05,,41px,,,,,,,,
90-sub,HIGH,,BACK V,,13px,Spinners - All-01,,13px,,,,,,,,
90-sub,HIGH,,BIG FANGS OPEN,,40px,Cascading Arches-01,,40px,,,,,,,,
90-sub,HIGH,,BIG FANGS CLOSED,,34px,Cascading Petal-01,,34px,,,,,,,,
90-sub,HIGH,,LITTLE FANGS OPEN,,16px,Swirl Right-01,,18px,,,,,,,,
90-sub,HIGH,,LITTLE FANGS CLOSED,,12px,61 Inner Circle,,12px,,,,,,,,
90-sub,HIGH,,Leg 1,,40px,BatR-01,,38px,,,,,,,,
90-sub,HIGH,,Leg 2,,46px,Cascading Arches-02,,40px,,,,,,,,
90-sub,HIGH,,Leg 3,,47px,Cascading Arches-03,,40px,,,,,,,,
90-sub,HIGH,,Leg 4,,37px,Circles (V)-04,,36px,,,,,,,,
90-sub,HIGH,,Leg 5,,37px,Circles (V)-05,,36px,,,,,,,,
90-sub,HIGH,,Leg 6,,47px,Cascading Arches-06,,40px,,,,,,,,
90-sub,HIGH,,Leg 7,,46px,All Rings-07,,48px,,,,,,,,
90-sub,HIGH,,Leg 8,,40px,Cascading Arches-08,,40px,,,,,,,,
90-sub,HIGH,,Little Fang Left Closed,,6px,**WHOLE SPINNER,,?px,,,,,,,,
90-sub,HIGH,,Little Fang Right Closed,,6px,**OUTER,,?px,,,,,,,,
90-sub,HIGH,,Little Fang Right Open,,7px,**MIDDLE,,?px,,,,,,,,
90-sub,HIGH,,Little Fang Left Open,,7px,**CENTER,,?px,,,,,,,,
90-sub,HIGH,,Big Fang Left Closed,,17px,Swirl Right-02,,18px,,,,,,,,
90-sub,HIGH,,Big Fang Right Closed,,17px,Swirl Right-03,,18px,,,,,,,,
90-sub,HIGH,,Big Fang Left Open,,20px,Half Moon-04,,22px,,,,,,,,
90-sub,HIGH,,Big Fang Right Open,,20px,Half Moon-07,,22px,,,,,,,,
90-sub,HIGH,,Head Outline,,32px,Bow,,32px,,,,,,,,
90-sub,HIGH,,Eyes 1,,10px,Cascading Leaf-01,,14px,,,,,,,,
90-sub,HIGH,,Eyes 2,,6px,Spinners - All-02,,10px,,,,,,,,
90-sub,HIGH,,Body Outline,,34px,Cascading Petal-02,,34px,,,,,,,,
90-sub,HIGH,,Back Stripe 1,,6px,**HALLOWEEN,,?px,,,,,,,,
90-sub,HIGH,,Back Stripe 2,,7px,All Rings-02,,12px,,,,,,,,
90-sub,HIGH,,Back Stripe 3,,8px,Spinners - All-03,,13px,,,,,,,,
90-sub,HIGH,,Back Stripe 4,,9px,Spinners - All-04,,10px,,,,,,,,
90-sub,HIGH,,Back Stripe 5,,11px,Spinners - All-05,,13px,,,,,,,,
90-sub,HIGH,,Back Stripe 6,,11px,Spinners - All-06,,10px,,,,,,,,
91,HIGH,0.81,IC TARANTULA 1,Custom,555,Spinner - Showstopper 1,Spinner,541,Name match · Position match · Type mismatch · Node count match · Structure differs,1.00,0.80,0.40,0.30,1.00,0.20,,
91-sub,HIGH,,GROUP - ALL NO BACKSTRIPES,,499px,01 Cascading Arches,,481px,,,,,,,,
91-sub,HIGH,,GROUP - ALL LEGS,,340px,11 Oysters,,351px,,,,,,,,
91-sub,HIGH,,GROUP - BACK STRIPES,,52px,75 Dragon Pupil,,51px,,,,,,,,
91-sub,HIGH,,Leg 1,,40px,Cascading Arches-01,,40px,,,,,,,,
91-sub,HIGH,,Leg 2,,46px,Cascading Arches-02,,40px,,,,,,,,
91-sub,HIGH,,Leg 3,,47px,Cascading Arches-03,,40px,,,,,,,,
91-sub,HIGH,,Leg 4,,37px,Circles (V)-04,,36px,,,,,,,,
91-sub,HIGH,,Leg 5,,37px,Circles (V)-05,,36px,,,,,,,,
91-sub,HIGH,,Leg 6,,47px,Cascading Arches-06,,40px,,,,,,,,
91-sub,HIGH,,Leg 7,,46px,All Rings-07,,48px,,,,,,,,
91-sub,HIGH,,Leg 8,,40px,Cascading Arches-08,,40px,,,,,,,,
91-sub,HIGH,,Little Fang Left Closed,,6px,**WHOLE SPINNER,,?px,,,,,,,,
91-sub,HIGH,,Little Fang Left Open,,7px,**OUTER,,?px,,,,,,,,
91-sub,HIGH,,Little Fang Right Closed,,6px,**MIDDLE,,?px,,,,,,,,
91-sub,HIGH,,Little Fang Right Open,,7px,**CENTER,,?px,,,,,,,,
91-sub,HIGH,,Big Fang Left Closed,,17px,Swirl Right-01,,18px,,,,,,,,
91-sub,HIGH,,Big Fang Left Open,,20px,Half Moon-04,,22px,,,,,,,,
91-sub,HIGH,,Big Fang Right Closed,,17px,Swirl Right-02,,18px,,,,,,,,
91-sub,HIGH,,Big Fang Right Open,,20px,Half Moon-07,,22px,,,,,,,,
91-sub,HIGH,,Head Outline,,32px,Bow,,32px,,,,,,,,
91-sub,HIGH,,Eyes 1,,10px,Spinners - All-01,,13px,,,,,,,,
91-sub,HIGH,,Eyes 2,,6px,Spinners - All-02,,10px,,,,,,,,
91-sub,HIGH,,Body Outline,,33px,Cascading Petal-01,,34px,,,,,,,,
91-sub,HIGH,,Back Stripe 1,,6px,**HALLOWEEN,,?px,,,,,,,,
91-sub,HIGH,,Back Stripe 2,,7px,All Rings-02,,12px,,,,,,,,
91-sub,HIGH,,Back Stripe 3,,8px,Spinners - All-03,,13px,,,,,,,,
91-sub,HIGH,,Back Stripe 4,,9px,Spinners - All-04,,10px,,,,,,,,
91-sub,HIGH,,Back Stripe 5,,11px,Spinners - All-05,,13px,,,,,,,,
91-sub,HIGH,,Back Stripe 6,,11px,Spinners - All-06,,10px,,,,,,,,
91-sub,HIGH,,Back V,,12px,61 Inner Circle,,12px,,,,,,,,
92,UNMAPPED,0.00,TOMBSTONE 8,Tombstone,150,,,,No suitable match found in your layout.,0.00,0.00,0.00,0.00,0.00,0.00,,
93,LOW,0.60,LOWER ROOF VERTICAL,Line,42,Vert 12 - Guest Bath,Line,54,Position match · Shape match · Type match,0.18,0.94,1.00,1.00,0.57,0.50,,
94,LOW,0.46,Icicles 8,Icicles,130,Arch 8,Arch,150,Shape match · Type mismatch · Structure match,0.20,0.50,1.00,0.00,0.73,1.00,,
94-sub,UNMAPPED,,soffit horizontal,,42px,Outer Arch,,50px,,,,,,,,
94-sub,UNMAPPED,,vertical icicles,,140px,,,,,,,,,,,
94-sub,UNMAPPED,,horizointal icicles,,98px,,,,,,,,,,,
95,MEDIUM,0.60,Icicles 6,Icicles,130,Arch 7,Arch,150,Manual mapping,0.60,0.50,0.50,0.50,0.50,0.50,,
95-sub,UNMAPPED,,soffit horizontal,,41px,Outer Arch,,50px,,,,,,,,
95-sub,UNMAPPED,,vertical icicles,,140px,,,,,,,,,,,
95-sub,UNMAPPED,,horizointal icicles,,189px,,,,,,,,,,,
96,UNMAPPED,0.00,TOMBSTONE 7,Tombstone,150,,,,No suitable match found in your layout.,0.00,0.00,0.00,0.00,0.00,0.00,,
97,UNMAPPED,0.00,TOMBSTONE 6,Tombstone,150,,,,No suitable match found in your layout.,0.00,0.00,0.00,0.00,0.00,0.00,,
98,UNMAPPED,0.00,TOMBSTONE 5,Tombstone,150,,,,No suitable match found in your layout.,0.00,0.00,0.00,0.00,0.00,0.00,,
99,UNMAPPED,0.00,TOMBSTONE 4,Tombstone,150,,,,No suitable match found in your layout.,0.00,0.00,0.00,0.00,0.00,0.00,,
100,UNMAPPED,0.00,TOMBSTONE 3,Tombstone,150,,,,No suitable match found in your layout.,0.00,0.00,0.00,0.00,0.00,0.00,,
101,UNMAPPED,0.00,TOMBSTONE 2,Tombstone,150,,,,No suitable match found in your layout.,0.00,0.00,0.00,0.00,0.00,0.00,,
102,UNMAPPED,0.00,TOMBSTONE 1,Tombstone,150,,,,No suitable match found in your layout.,0.00,0.00,0.00,0.00,0.00,0.00,,
103,MEDIUM,0.60,ARCH 6,Arch,150,Arch 3,Arch,150,Manual mapping,0.60,0.50,0.50,0.50,0.50,0.50,,
103-sub,HIGH,,Outside Arch,,50px,Outer Arch,,50px,,,,,,,,
103-sub,HIGH,,Middle Arch,,50px,Middle Arch,,50px,,,,,,,,
103-sub,HIGH,,Inside Arch,,50px,Inner Arch,,50px,,,,,,,,
104,MEDIUM,0.60,ARCH 5,Arch,150,Arch 4,Arch,150,Manual mapping,0.60,0.50,0.50,0.50,0.50,0.50,,
104-sub,HIGH,,Outside Arch,,50px,Outer Arch,,50px,,,,,,,,
104-sub,HIGH,,Middle Arch,,50px,Middle Arch,,50px,,,,,,,,
104-sub,HIGH,,Inside Arch,,50px,Inner Arch,,50px,,,,,,,,
105,MEDIUM,0.60,ARCH 2,Arch,150,Arch 1,Arch,150,Manual mapping,0.60,0.50,0.50,0.50,0.50,0.50,,
105-sub,HIGH,,Outside Arch,,50px,Outer Arch,,50px,,,,,,,,
105-sub,HIGH,,Middle Arch,,50px,Middle Arch,,50px,,,,,,,,
105-sub,HIGH,,Inside Arch,,50px,Inner Arch,,50px,,,,,,,,
106,MEDIUM,0.60,ARCH 1,Arch,150,Arch 2,Arch,150,Manual mapping,0.60,0.50,0.50,0.50,0.50,0.50,,
106-sub,HIGH,,Outside Arch,,50px,Outer Arch,,50px,,,,,,,,
106-sub,HIGH,,Middle Arch,,50px,Middle Arch,,50px,,,,,,,,
106-sub,HIGH,,Inside Arch,,50px,Inner Arch,,50px,,,,,,,,
107,LOW,0.55,COLUMN 1,Line,31,Floods 1,Line,2,Fuzzy name match · Shape match · Type match · Node count differs (31 vs 2),0.50,0.44,1.00,1.00,0.00,0.50,,
108,LOW,0.55,COLUMN 2,Line,33,Floods 2,Line,2,Fuzzy name match · Shape match · Type match · Node count differs (33 vs 2),0.50,0.44,1.00,1.00,0.00,0.50,,
109,UNMAPPED,0.00,BLACK WIDOW 12,Custom,100,,,,No suitable match found in your layout.,0.00,0.00,0.00,0.00,0.00,0.00,,
110,LOW,0.54,COLUMN 3,Line,33,Floods 3,Line,2,Fuzzy name match · Shape match · Type match · Node count differs (33 vs 2),0.50,0.40,1.00,1.00,0.00,0.50,,
111,MEDIUM,0.60,Icicles 3,Icicles,200,Arch 7,Arch,150,Manual mapping,0.60,0.50,0.50,0.50,0.50,0.50,,
111-sub,UNMAPPED,,soffit horizontal,,60px,Outer Arch,,50px,,,,,,,,
111-sub,UNMAPPED,,vertical icicles,,140px,,,,,,,,,,,
111-sub,UNMAPPED,,horizointal icicles,,140px,,,,,,,,,,,
112,LOW,0.41,Icicles 5,Icicles,200,Driveway Left,Line,500,Position match · Shape match · Node count differs (200 vs 500) · Structure differs,0.00,0.84,1.00,0.70,0.12,0.20,,
112-sub,UNMAPPED,,soffit horizontal,,60px,,,,,,,,,,,
112-sub,UNMAPPED,,vertical icicles,,140px,,,,,,,,,,,
112-sub,UNMAPPED,,horizointal icicles,,140px,,,,,,,,,,,
113,MEDIUM,0.60,Icicles 4,Icicles,200,Vert 13 - Garage 1,Line,78,Manual mapping,0.60,0.50,0.50,0.50,0.50,0.50,,
113-sub,UNMAPPED,,soffit horizontal,,60px,,,,,,,,,,,
113-sub,UNMAPPED,,vertical icicles,,140px,,,,,,,,,,,
113-sub,UNMAPPED,,horizointal icicles,,140px,,,,,,,,,,,
114,LOW,0.54,Icicles 10,Icicles,130,Eave 25 - Garage Right,Line,24,Position match · Shape match · Node count differs (130 vs 24) · Structure differs,0.13,0.87,1.00,0.70,0.00,0.20,,
114-sub,UNMAPPED,,soffit horizontal,,42px,,,,,,,,,,,
114-sub,UNMAPPED,,vertical icicles,,140px,,,,,,,,,,,
114-sub,UNMAPPED,,horizointal icicles,,98px,,,,,,,,,,,
115,LOW,0.55,Icicles 9,Icicles,130,Vert 13 - Garage 1,Line,78,Position match · Shape match · Structure differs,0.00,0.91,1.00,0.70,0.33,0.20,,
115-sub,UNMAPPED,,soffit horizontal,,42px,,,,,,,,,,,
115-sub,UNMAPPED,,vertical icicles,,140px,,,,,,,,,,,
115-sub,UNMAPPED,,horizointal icicles,,98px,,,,,,,,,,,
116,MEDIUM,0.60,Icicles 2,Icicles,200,Arch 7,Arch,150,Manual mapping,0.60,0.50,0.50,0.50,0.50,0.50,,
116-sub,UNMAPPED,,soffit horizontal,,60px,Outer Arch,,50px,,,,,,,,
116-sub,UNMAPPED,,vertical icicles,,140px,,,,,,,,,,,
116-sub,UNMAPPED,,horizointal icicles,,140px,,,,,,,,,,,
117,LOW,0.43,Icicles 1,Icicles,200,Tree Real 1 - Trunk,Tree,200,Type mismatch · Node count match · Structure differs,0.14,0.69,0.40,0.00,1.00,0.20,,
117-sub,UNMAPPED,,soffit horizontal,,60px,,,,,,,,,,,
117-sub,UNMAPPED,,vertical icicles,,140px,,,,,,,,,,,
117-sub,UNMAPPED,,horizointal icicles,,140px,,,,,,,,,,,
118,MEDIUM,0.60,ICE PRINCESS SNOWFLAKE,Snowflake,550,Spinner - Click Click Boom,Spinner,1600,Manual mapping,0.60,0.50,0.50,0.50,0.50,0.50,,
118-sub,HIGH,,Main Arms Outline,,233px,Outline,,100px,,,,,,,,
118-sub,UNMAPPED,,Tips,,96px,Outside Ball,,100px,,,,,,,,
118-sub,UNMAPPED,,Tips - Hollow,,72px,Star 07,,80px,,,,,,,,
118-sub,UNMAPPED,,Arrows,,144px,Cone Small Odd,,165px,,,,,,,,
118-sub,UNMAPPED,,Diamond,,114px,Spoke Inner,,110px,,,,,,,,
118-sub,HIGH,,Outer Star,,108px,Star 08,,100px,,,,,,,,
118-sub,HIGH,,Middle Star 1,,64px,Star 05,,60px,,,,,,,,
118-sub,HIGH,,Inner Star 1,,16px,Star 01,,20px,,,,,,,,
118-sub,UNMAPPED,,Main Arms Outline-1,,40px,Thelma-01,,41px,,,,,,,,
118-sub,UNMAPPED,,Main Arms Outline-2,,40px,Thelma-02,,41px,,,,,,,,
118-sub,UNMAPPED,,Main Arms Outline-3,,33px,Cone Small Odd-03,,33px,,,,,,,,
118-sub,UNMAPPED,,Main Arms Outline-4,,40px,Star 04,,40px,,,,,,,,
118-sub,UNMAPPED,,Main Arms Outline-5,,40px,Thelma-05,,41px,,,,,,,,
118-sub,UNMAPPED,,Main Arms Outline-6,,40px,Thelma-06,,41px,,,,,,,,
118-sub,MEDIUM,,Tips-1,,16px,Spoke-01,,18px,,,,,,,,
118-sub,MEDIUM,,Tips-2,,16px,Spoke-02,,18px,,,,,,,,
118-sub,MEDIUM,,Tips-3,,16px,Spoke-03,,18px,,,,,,,,
118-sub,MEDIUM,,Tips-4,,16px,Spoke-04,,18px,,,,,,,,
118-sub,MEDIUM,,Tips-5,,16px,Spoke-05,,18px,,,,,,,,
118-sub,MEDIUM,,Tips-6,,16px,Spoke-06,,18px,,,,,,,,
118-sub,MEDIUM,,Diamond-1,,19px,Finger-01,,20px,,,,,,,,
118-sub,MEDIUM,,Diamond-2,,19px,Finger-02,,20px,,,,,,,,
118-sub,MEDIUM,,Diamond-3,,19px,Finger-03,,20px,,,,,,,,
118-sub,MEDIUM,,Diamond-4,,19px,Finger-04,,20px,,,,,,,,
118-sub,MEDIUM,,Diamond-5,,19px,Finger-05,,20px,,,,,,,,
118-sub,MEDIUM,,Diamond-6,,19px,Finger-06,,20px,,,,,,,,
119,HIGH,0.91,MATRIX 3,Matrix,5472,Fence Panel 3,Matrix,12635,Name match · Shape match · Type match · Structure differs,1.00,0.48,1.00,1.00,0.60,0.20,,
119-sub,UNMAPPED,,TOP,,48px,,,,,,,,,,,
119-sub,UNMAPPED,,BOTTOM,,48px,,,,,,,,,,,
119-sub,UNMAPPED,,LET SIDE,,36px,,,,,,,,,,,
119-sub,UNMAPPED,,right side,,36px,,,,,,,,,,,
120,HIGH,0.92,MATRIX 5,Matrix,640,Fence Panel 5,Matrix,12635,Name match · Shape match · Type match · Structure differs,1.00,0.60,1.00,1.00,0.60,0.20,,
120-sub,UNMAPPED,,TOP,,8px,,,,,,,,,,,
120-sub,UNMAPPED,,BOTTOM,,8px,,,,,,,,,,,
120-sub,UNMAPPED,,LEFT SIDE,,38px,,,,,,,,,,,
120-sub,UNMAPPED,,RIGHT SIDE,,38px,,,,,,,,,,,
120-sub,UNMAPPED,,BORDER,,92px,,,,,,,,,,,
121,HIGH,0.92,MATRIX 4,Matrix,640,Fence Panel 4,Matrix,12635,Name match · Shape match · Type match · Structure differs,1.00,0.60,1.00,1.00,0.60,0.20,,
121-sub,UNMAPPED,,TOP,,8px,,,,,,,,,,,
121-sub,UNMAPPED,,BOTTOM,,8px,,,,,,,,,,,
121-sub,UNMAPPED,,LEFT SIDE,,38px,,,,,,,,,,,
121-sub,UNMAPPED,,RIGHT SIDE,,38px,,,,,,,,,,,
121-sub,UNMAPPED,,BORDER,,92px,,,,,,,,,,,
122,MEDIUM,0.60,MEGATREE 2,Tree,1800,Mega Tree,Tree,3000,Manual mapping,0.60,0.50,0.50,0.50,0.50,0.50,,
122-sub,UNMAPPED,,level 5,,?px,,,,,,,,,,,
122-sub,UNMAPPED,,level 4,,?px,,,,,,,,,,,
122-sub,UNMAPPED,,level 3,,?px,,,,,,,,,,,
122-sub,UNMAPPED,,level 2,,?px,,,,,,,,,,,
122-sub,UNMAPPED,,level 1,,?px,,,,,,,,,,,
122-sub,UNMAPPED,,SPIDERWEB,,684px,,,,,,,,,,,
123,UNMAPPED,0.00,Boscoyo Letter N,Custom,50,,,,No suitable match found in your layout.,0.00,0.00,0.00,0.00,0.00,0.00,,
124,UNMAPPED,0.00,Boscoyo Letter O,Custom,47,,,,No suitable match found in your layout.,0.00,0.00,0.00,0.00,0.00,0.00,,
125,UNMAPPED,0.00,Boscoyo 10 Letter S-1,Custom,46,,,,No suitable match found in your layout.,0.00,0.00,0.00,0.00,0.00,0.00,,
126,UNMAPPED,0.00,Boscoyo 09 Letter I,Custom,24,,,,No suitable match found in your layout.,0.00,0.00,0.00,0.00,0.00,0.00,,
127,UNMAPPED,0.00,BLACK WIDOW 2,Custom,100,,,,No suitable match found in your layout.,0.00,0.00,0.00,0.00,0.00,0.00,,
128,LOW,0.42,FRONT DOOR CORNER WEB 2,Custom,90,Vert 5 - Entrance 2,Line,60,Position match · Type mismatch · Structure differs,0.09,0.99,0.40,0.30,0.42,0.20,,
128-sub,UNMAPPED,,SPOKES,,67px,,,,,,,,,,,
128-sub,UNMAPPED,,cross webs,,28px,,,,,,,,,,,
129,LOW,0.45,FRONT DOOR CORNER WEB 1,Custom,90,Window - Avery,Window,92,Position match · Type mismatch · Node count match · Structure differs,0.00,0.94,0.40,0.30,1.00,0.20,,
129-sub,UNMAPPED,,SPOKES,,67px,,,,,,,,,,,
129-sub,UNMAPPED,,cross webs,,?px,,,,,,,,,,,
130,UNMAPPED,0.00,UPPER WINDOW 1,Window,128,,,,No suitable match found in your layout.,0.00,0.00,0.00,0.00,0.00,0.00,,
131,UNMAPPED,0.00,BLACK WIDOW 14,Custom,100,,,,No suitable match found in your layout.,0.00,0.00,0.00,0.00,0.00,0.00,,
132,UNMAPPED,0.00,BLACK WIDOW 13,Custom,100,,,,No suitable match found in your layout.,0.00,0.00,0.00,0.00,0.00,0.00,,
133,UNMAPPED,0.00,BLACK WIDOW 11,Custom,100,,,,No suitable match found in your layout.,0.00,0.00,0.00,0.00,0.00,0.00,,
134,MEDIUM,0.63,GARAGE SIDE,Line,115,Vert 7 - Dining,Line,114,Shape match · Type match · Node count match · Structure differs,0.00,0.62,1.00,1.00,1.00,0.20,,
134-sub,UNMAPPED,,top,,58px,,,,,,,,,,,
134-sub,UNMAPPED,,bottom,,57px,,,,,,,,,,,
135,UNMAPPED,0.00,BLACK WIDOW 9,Custom,100,,,,No suitable match found in your layout.,0.00,0.00,0.00,0.00,0.00,0.00,,
136,UNMAPPED,0.00,BLACK WIDOW 10,Custom,100,,,,No suitable match found in your layout.,0.00,0.00,0.00,0.00,0.00,0.00,,
137,UNMAPPED,0.00,BLACK WIDOW 7,Custom,100,,,,No suitable match found in your layout.,0.00,0.00,0.00,0.00,0.00,0.00,,
138,UNMAPPED,0.00,BLACK WIDOW 5,Custom,100,,,,No suitable match found in your layout.,0.00,0.00,0.00,0.00,0.00,0.00,,
139,UNMAPPED,0.00,BLACK WIDOW 6,Custom,100,,,,No suitable match found in your layout.,0.00,0.00,0.00,0.00,0.00,0.00,,
140,UNMAPPED,0.00,BLACK WIDOW 4,Custom,100,,,,No suitable match found in your layout.,0.00,0.00,0.00,0.00,0.00,0.00,,
141,UNMAPPED,0.00,BLACK WIDOW 1,Custom,100,,,,No suitable match found in your layout.,0.00,0.00,0.00,0.00,0.00,0.00,,
142,MEDIUM,0.70,RGB SINGING BULB 2,Singing Face,174,GE Rosa Tomb 2,Tombstone,485,Name match · Position match · Type mismatch · Node count differs (174 vs 485) · Structure differs,1.00,0.85,0.40,0.00,0.09,0.20,,
142-sub,HIGH,,Base,,27px,Bat Flying Wings Up,,28px,,,,,,,,
142-sub,HIGH,,Bulb,,42px,Bat Flying Wings Down,,34px,,,,,,,,
142-sub,HIGH,,Mouth 1,,10px,Paddle Arm 1,,11px,,,,,,,,
142-sub,HIGH,,Mouth 2,,25px,Warp 2,,12px,,,,,,,,
142-sub,HIGH,,Mouth 3,,20px,Cross Highlights,,19px,,,,,,,,
142-sub,HIGH,,Mouth 4,,22px,Warp 4,,12px,,,,,,,,
142-sub,HIGH,,Mouth 5,,8px,Cross Spinner Ring 5,,8px,,,,,,,,
142-sub,HIGH,,Open RT Eye,,11px,Paddle Arm 2,,11px,,,,,,,,
142-sub,HIGH,,Close RT Eye,,9px,Cross Spinner Ring 1,,8px,,,,,,,,
142-sub,HIGH,,Open LT Eye,,11px,Paddle Arm 3,,11px,,,,,,,,
142-sub,HIGH,,Close LT Eye,,9px,Cross Spinner Ring 2,,8px,,,,,,,,
142-sub,HIGH,,Open Eyes,,22px,Cross Spinner Outline,,32px,,,,,,,,
142-sub,HIGH,,Closed Eyes,,18px,Gourds-05,,13px,,,,,,,,
142-sub,HIGH,,EVIL EYES,,22px,Star,,32px,,,,,,,,
142-sub,MEDIUM,,MOUTH AH,,32px,Flake Outline,,64px,,,,,,,,
142-sub,HIGH,,Mouth 6,,15px,Warp 6,,12px,,,,,,,,
142-sub,HIGH,,Open RT Eye-1,,13px,Warp 1,,12px,,,,,,,,
142-sub,HIGH,,Close RT Eye-1,,9px,Tomb Ring 1,,8px,,,,,,,,
142-sub,HIGH,,Open LT Eye-1,,13px,Gourds-01,,12px,,,,,,,,
142-sub,HIGH,,Close LT Eye-1,,9px,Cross Spinner Spoke 1,,5px,,,,,,,,
142-sub,MEDIUM,,Open Eyes-1,,26px,Tomb Spoke 1,,5px,,,,,,,,
142-sub,MEDIUM,,MOUTH AH-1,,28px,Cross Outline,,65px,,,,,,,,
142-sub,MEDIUM,,Genie Necklace,,18px,Bat Body,,12px,,,,,,,,
142-sub,MEDIUM,,Genie right earing,,3px,Bat Eyes,,2px,,,,,,,,
143,MEDIUM,0.70,RGB SINGING BULB 1,Singing Face,170,GE Rosa Tomb 1,Tombstone,485,Name match · Position match · Type mismatch · Node count differs (170 vs 485) · Structure differs,1.00,0.85,0.40,0.00,0.08,0.20,,
143-sub,HIGH,,Base,,27px,Bat Flying Wings Up,,28px,,,,,,,,
143-sub,HIGH,,Bulb,,42px,Bat Flying Wings Down,,34px,,,,,,,,
143-sub,HIGH,,Mouth 1,,10px,Paddle Arm 1,,11px,,,,,,,,
143-sub,HIGH,,Mouth 2,,25px,Warp 2,,12px,,,,,,,,
143-sub,HIGH,,Mouth 3,,20px,Cross Highlights,,19px,,,,,,,,
143-sub,HIGH,,Mouth 4,,22px,Warp 4,,12px,,,,,,,,
143-sub,HIGH,,Mouth 5,,8px,Cross Spinner Ring 5,,8px,,,,,,,,
143-sub,HIGH,,Open RT Eye,,11px,Paddle Arm 2,,11px,,,,,,,,
143-sub,HIGH,,Close RT Eye,,9px,Cross Spinner Ring 1,,8px,,,,,,,,
143-sub,HIGH,,Open LT Eye,,11px,Paddle Arm 3,,11px,,,,,,,,
143-sub,HIGH,,Close LT Eye,,9px,Cross Spinner Ring 2,,8px,,,,,,,,
143-sub,HIGH,,Open Eyes,,22px,Cross Spinner Outline,,32px,,,,,,,,
143-sub,HIGH,,Closed Eyes,,18px,Gourds-05,,13px,,,,,,,,
143-sub,HIGH,,EVIL EYES,,22px,Star,,32px,,,,,,,,
143-sub,MEDIUM,,MOUTH AH,,32px,Flake Outline,,64px,,,,,,,,
143-sub,HIGH,,Mouth 6,,15px,Warp 6,,12px,,,,,,,,
143-sub,HIGH,,Open RT Eye-1,,13px,Warp 1,,12px,,,,,,,,
143-sub,HIGH,,Open LT Eye-1,,13px,Gourds-01,,12px,,,,,,,,
143-sub,MEDIUM,,Open Eyes-1,,26px,Tomb Ring 1,,8px,,,,,,,,
143-sub,MEDIUM,,MOUTH AH-1,,28px,Cross Spinner Spoke 1,,5px,,,,,,,,
143-sub,MEDIUM,,Genie Necklace,,18px,Bat Body,,12px,,,,,,,,
143-sub,MEDIUM,,Genie left earring,,3px,Bat Eyes,,2px,,,,,,,,
144,LOW,0.59,GARAGE DOOR,Line,142,Eave 14 - Ellis Eave,Line,132,Shape match · Type match · Structure differs,0.00,0.50,1.00,1.00,0.86,0.20,,
144-sub,UNMAPPED,,left vertical,,28px,,,,,,,,,,,
144-sub,UNMAPPED,,right vertical,,29px,,,,,,,,,,,
144-sub,UNMAPPED,,top,,85px,,,,,,,,,,,
144-sub,UNMAPPED,,top left,,43px,,,,,,,,,,,
144-sub,UNMAPPED,,top right,,42px,,,,,,,,,,,
145,UNMAPPED,0.00,LOWER COLUMN 1,Line,44,,,,No suitable match found in your layout.,0.00,0.00,0.00,0.00,0.00,0.00,,
146,LOW,0.50,MEGATREE,Tree,1800,Mega Tree,Tree,3000,Quantity match (tree),0.82,0.00,1.00,1.00,0.33,0.20,,
146-sub,UNMAPPED,,level 5,,?px,,,,,,,,,,,
146-sub,UNMAPPED,,level 4,,?px,,,,,,,,,,,
146-sub,UNMAPPED,,level 3,,?px,,,,,,,,,,,
146-sub,UNMAPPED,,level 2,,?px,,,,,,,,,,,
146-sub,UNMAPPED,,level 1,,?px,,,,,,,,,,,
146-sub,UNMAPPED,,SPIDERWEB,,684px,,,,,,,,,,,
147,UNMAPPED,0.00,LOWER COLUMN 2,Line,44,,,,No suitable match found in your layout.,0.00,0.00,0.00,0.00,0.00,0.00,,
148,MEDIUM,0.66,LOWER COLUMN 3,Line,31,Vert 15 - Garage 3,Line,61,Position match · Shape match · Type match · Node count differs (31 vs 61),0.09,0.92,1.00,1.00,0.21,0.50,,
149,MEDIUM,0.62,Roof Lower Peak Right-2,Line,5,Eave 13 - Avery Right,Line,15,Position match · Shape match · Type match · Node count differs (5 vs 15),0.39,0.90,1.00,1.00,0.07,0.50,,
150,MEDIUM,0.65,Roof Lower Peak Right-3,Line,5,Eave 11 - Lower Tower Right,Line,62,Fuzzy name match · Position match · Shape match · Type match · Node count differs (5 vs 62),0.50,0.88,1.00,1.00,0.00,0.50,,
151,MEDIUM,0.61,Roof Lower Peak Right-4,Line,5,Eave 18 - Guest Right,Line,21,Position match · Shape match · Type match · Node count differs (5 vs 21),0.39,0.90,1.00,1.00,0.00,0.50,,
152,UNMAPPED,0.00,BLACK WIDOW 3,Custom,100,,,,No suitable match found in your layout.,0.00,0.00,0.00,0.00,0.00,0.00,,
unused,,,,,,Spider 8,Spider,100,,,,,,,,
unused,,,,,,Spider 7,Spider,100,,,,,,,,
unused,,,,,,Tree Real 4,Tree,250,,,,,,,,
unused,,,,,,Tune-To-Matrix-2,Matrix,320,,,,,,,,
unused,,,,,,Pumpkin Mini 8,Pumpkin,33,,,,,,,,
unused,,,,,,Tree - Spiral 8,Tree,100,,,,,,,,
unused,,,,,,Fence Panel 7,Matrix,12635,,,,,,,,
unused,,,,,,Pixel2DMX,DMX,512,,,,,,,,
unused,,,,,,Tree Real 3,Tree,250,,,,,,,,
unused,,,,,,Tree Real 2,Tree,250,,,,,,,,
unused,,,,,,Tree Real 1 - Fork Right,Tree,200,,,,,,,,
unused,,,,,,Fence Panel 6,Matrix,12635,,,,,,,,
unused,,,,,,Pumpkin Mini 7,Pumpkin,33,,,,,,,,
unused,,,,,,Tombstone Small - 6,Tombstone,150,,,,,,,,
unused,,,,,,Spider 6,Spider,100,,,,,,,,
unused,,,,,,Pumpkin Mini 6,Pumpkin,33,,,,,,,,
unused,,,,,,Pumpkin Mini 5,Pumpkin,33,,,,,,,,
unused,,,,,,Pumpkin Mini 4,Pumpkin,33,,,,,,,,
unused,,,,,,Pumpkin Mini 3,Pumpkin,33,,,,,,,,
unused,,,,,,Pumpkin Mini 2,Pumpkin,33,,,,,,,,
unused,,,,,,Pumpkin Mini 1,Pumpkin,33,,,,,,,,
unused,,,,,,Tombstone 3,Tombstone,150,,,,,,,,
unused,,,,,,Tombstone 4,Tombstone,150,,,,,,,,
unused,,,,,,Tombstone 2,Tombstone,150,,,,,,,,
unused,,,,,,Tombstone 1,Tombstone,150,,,,,,,,
unused,,,,,,Spider 1,Spider,100,,,,,,,,
unused,,,,,,Bat 5,Bat,50,,,,,,,,
unused,,,,,,Bat 6,Bat,50,,,,,,,,
unused,,,,,,Bat 7,Bat,50,,,,,,,,
unused,,,,,,Bat 4,Bat,50,,,,,,,,
unused,,,,,,Bat 3,Bat,50,,,,,,,,
unused,,,,,,Bat 2,Bat,50,,,,,,,,
unused,,,,,,Bat 1,Bat,50,,,,,,,,
unused,,,,,,Tombstone Small - 1,Tombstone,150,,,,,,,,
unused,,,,,,Pole 8,Matrix,300,,,,,,,,
unused,,,,,,Pole 7,Matrix,300,,,,,,,,
unused,,,,,,Pole 6,Matrix,300,,,,,,,,
unused,,,,,,Pole 5,Matrix,300,,,,,,,,
unused,,,,,,Pole 4,Matrix,300,,,,,,,,
unused,,,,,,Pole 3,Matrix,300,,,,,,,,
unused,,,,,,Pole 2,Matrix,300,,,,,,,,
unused,,,,,,Pole 1,Matrix,300,,,,,,,,
unused,,,,,,Window - Tower,Window,58,,,,,,,,
unused,,,,,,Eave 10 - Lower Tower Forward,Line,57,,,,,,,,
unused,,,,,,Eave 15 - Ellis Right,Line,72,,,,,,,,
unused,,,,,,Eave 20 - Guest Bath Right,Line,35,,,,,,,,
unused,,,,,,Eave 16 - Guest Left,Line,48,,,,,,,,
unused,,,,,,Eave 1- Office Left,Line,88,,,,,,,,
unused,,,,,,Eave 6 - Tower Left,Line,72,,,,,,,,
unused,,,,,,Eave 9 - Upper Tower Right,Line,70,,,,,,,,
unused,,,,,,Tune-To-Matrix,Matrix,320,,,,,,,,
unused,,,,,,Tree - Spiral 7,Tree,100,,,,,,,,
unused,,,,,,Tree - Spiral 6,Tree,100,,,,,,,,
unused,,,,,,Tree - Spiral 5,Tree,100,,,,,,,,
unused,,,,,,Tree - Spiral 4,Tree,100,,,,,,,,
unused,,,,,,Tree - Spiral 3,Tree,100,,,,,,,,
unused,,,,,,Tree - Spiral 2,Tree,100,,,,,,,,
unused,,,,,,Tree - Spiral 1,Tree,100,,,,,,,,
unused,,,,,,Spinner - Rosa Grande,Spinner,1392,,,,,,,,
unused,,,,,,Pixel Forest-2,Matrix,120,,,,,,,,
unused,,,,,,Firework 2,Tree,360,,,,,,,,
unused,,,,,,Firework 1,Tree,360,,,,,,,,
unused,,,,,,Window - Garage,Window,108,,,,,,,,
unused,,,,,,Window - Ellis,Window,96,,,,,,,,
unused,,,,,,Window - Office,Window,140,,,,,,,,
unused,,,,,,Spinner - Showstopper 3,Spinner,541,,,,,,,,
unused,,,,,,Eave 12 - Avery Eave,Line,78,,,,,,,,
unused,,,,,,Eave 23 - Garage Peak 1,Line,48,,,,,,,,
unused,,,,,,Eave 21 - Garage 1,Line,40,,,,,,,,
unused,,,,,,Eave 19 - Guest Bath,Line,54,,,,,,,,
unused,,,,,,Eave 17 - Guest Eave,Line,89,,,,,,,,
unused,,,,,,Eave 5 - Entrance Arch,Arch,30,,,,,,,,
unused,,,,,,Eave 8 - Tower Peak 2,Line,36,,,,,,,,
unused,,,,,,Eave 7 - Tower Peak 1,Line,36,,,,,,,,
unused,,,,,,Vert 4 - Entrance 1,Line,59,,,,,,,,
unused,,,,,,Vert 11 - Ellis,Line,48,,,,,,,,
unused,,,,,,Vert 10 - Guest 2,Line,57,,,,,,,,
unused,,,,,,Vert 9 - Guest 1,Line,57,,,,,,,,
unused,,,,,,Vert 8 - Avery,Line,46,,,,,,,,
unused,,,,,,Vert 6 - Tower 2,Line,121,,,,,,,,
unused,,,,,,Vert 3 - Tower 1,Line,40,,,,,,,,
unused,,,,,,Tree - Small 6,Tree,60,,,,,,,,
unused,,,,,,Tree - Small 5,Tree,60,,,,,,,,
unused,,,,,,Tree - Small 4,Tree,60,,,,,,,,
unused,,,,,,Tree - Small 3,Tree,60,,,,,,,,
unused,,,,,,Tree - Small 2,Tree,60,,,,,,,,
unused,,,,,,Tree - Small 1,Tree,60,,,,,,,,
unused,,,,,,Tree - Medium 2,Tree,84,,,,,,,,
unused,,,,,,Tree - Medium 1,Tree,84,,,,,,,,
unused,,,,,,Tombstone Small - 4,Tombstone,150,,,,,,,,
unused,,,,,,Tombstone Small - 5,Tombstone,150,,,,,,,,
unused,,,,,,Spider 2,Spider,100,,,,,,,,
unused,,,,,,Spider 3,Spider,100,,,,,,,,
unused,,,,,,Spider 4,Spider,100,,,,,,,,
unused,,,,,,Spider 5,Spider,100,,,,,,,,
unused,,,,,,Fog Machine,DMX,7,,,,,,,,
unused,,,,,,All - Eaves - GRP,GRP,0,,,,,,,,
unused,,,,,,All - Verts - GRP,GRP,0,,,,,,,,
unused,,,,,,All - No Spinners - GRP,GRP,0,,,,,,,,
unused,,,,,,S - Big Hearts,GRP,0,,,,,,,,
unused,,,,,,S - Big Y,GRP,0,,,,,,,,
unused,,,,,,S - Cascading Arches,GRP,0,,,,,,,,
unused,,,,,,S - Cascading Leaf,GRP,0,,,,,,,,
unused,,,,,,S - Cascading Petal,GRP,0,,,,,,,,
unused,,,,,,S - Fireworks,GRP,0,,,,,,,,
unused,,,,,,S - Half Moon,GRP,0,,,,,,,,
unused,,,,,,S - Oysters,GRP,0,,,,,,,,
unused,,,,,,S - Spiders,GRP,0,,,,,,,,
unused,,,,,,S - Swirl Left,GRP,0,,,,,,,,
unused,,,,,,S - Swirl Right,GRP,0,,,,,,,,
unused,,,,,,S - Willow,GRP,0,,,,,,,,
unused,,,,,,Spinners - Showstopper - Submodels - GRP,GRP,0,,,,,,,,
unused,,,,,,S - Big Petals,GRP,0,,,,,,,,
unused,,,,,,S - Trident,GRP,0,,,,,,,,
unused,,,,,,S - Snowflakes,GRP,0,,,,,,,,
unused,,,,,,S - Spinners - Long,GRP,0,,,,,,,,
unused,,,,,,S - Spinners - Short,GRP,0,,,,,,,,
unused,,,,,,S - Trophies,GRP,0,,,,,,,,
unused,,,,,,S - Angle Spinner Left,GRP,0,,,,,,,,
unused,,,,,,S - Angle Spinner Right,GRP,0,,,,,,,,
unused,,,,,,S - Swirl and a Circle,GRP,0,,,,,,,,
unused,,,,,,S - Geo Explode,GRP,0,,,,,,,,
unused,,,,,,S - Short Angle Spinner,GRP,0,,,,,,,,
unused,,,,,,S - Three Quarter Circle,GRP,0,,,,,,,,
unused,,,,,,S - Outer Swirl Right,GRP,0,,,,,,,,
unused,,,,,,S - Outer Swirl Left,GRP,0,,,,,,,,
unused,,,,,,S - Outer Rings,GRP,0,,,,,,,,
unused,,,,,,S - Spinners - Outer,GRP,0,,,,,,,,
unused,,,,,,S - Wreath,GRP,0,,,,,,,,
unused,,,,,,S - Chalice,GRP,0,,,,,,,,
unused,,,,,,S - Medium Umbrella,GRP,0,,,,,,,,
unused,,,,,,S - Big Umbrella,GRP,0,,,,,,,,
unused,,,,,,S - Saucers,GRP,0,,,,,,,,
unused,,,,,,S - Small Hearts,GRP,0,,,,,,,,
unused,,,,,,S - Wine Glass,GRP,0,,,,,,,,
unused,,,,,,S - Diamonds,GRP,0,,,,,,,,
unused,,,,,,S - Arrows - Short,GRP,0,,,,,,,,
unused,,,,,,S - Small Umbrella,GRP,0,,,,,,,,
unused,,,,,,S - Medium Hearts,GRP,0,,,,,,,,
unused,,,,,,S - Crosses,GRP,0,,,,,,,,
unused,,,,,,S - Leaf,GRP,0,,,,,,,,
unused,,,,,,S - Feathers,GRP,0,,,,,,,,
unused,,,,,,S - Starburst,GRP,0,,,,,,,,
unused,,,,,,S - Inner Swirl Left,GRP,0,,,,,,,,
unused,,,,,,S - Inner Swirl Right,GRP,0,,,,,,,,
unused,,,,,,S - Center Rings,GRP,0,,,,,,,,
unused,,,,,,S - Inner Circle,GRP,0,,,,,,,,
unused,,,,,,S - Spinners - Inner,GRP,0,,,,,,,,
unused,,,,,,S - Center Balls,GRP,0,,,,,,,,
unused,,,,,,S - Outer Balls,GRP,0,,,,,,,,
unused,,,,,,S - Stars,GRP,0,,,,,,,,
unused,,,,,,S - More Stars,GRP,0,,,,,,,,
unused,,,,,,S - Squiggle 1,GRP,0,,,,,,,,
unused,,,,,,S - Squiggle 2,GRP,0,,,,,,,,
unused,,,,,,S - Outline,GRP,0,,,,,,,,
unused,,,,,,S - Arrows - Long,GRP,0,,,,,,,,
unused,,,,,,Arches - Outer - GRP,GRP,0,,,,,,,,
unused,,,,,,Arches - Middle - GRP,GRP,0,,,,,,,,
unused,,,,,,Arches - Inner - GRP,GRP,0,,,,,,,,
unused,,,,,,S - Bows,GRP,0,,,,,,,,
unused,,,,,,All - No Spinners No Tree - GRP,GRP,0,,,,,,,,
unused,,,,,,All - No Spinners No Tree No Matrix - GRP,GRP,0,,,,,,,,
unused,,,,,,All - Yard - GRP,GRP,0,,,,,,,,
unused,,,,,,All - Yard Middle - GRP,GRP,0,,,,,,,,
unused,,,,,,All - Windows - GRP,GRP,0,,,,,,,,
unused,,,,,,GE Fuzion Arrowhead GRP,GRP,0,,,,,,,,
unused,,,,,,GE Fuzion Balls GRP,GRP,0,,,,,,,,
unused,,,,,,GE Fuzion Feather Even GRP,GRP,0,,,,,,,,
unused,,,,,,GE Fuzion Feather Odd GRP,GRP,0,,,,,,,,
unused,,,,,,GE Fuzion Flower GRP,GRP,0,,,,,,,,
unused,,,,,,GE Fuzion GRP,GRP,0,,,,,,,,
unused,,,,,,GE Fuzion M GRP,GRP,0,,,,,,,,
unused,,,,,,GE Fuzion Outline GRP,GRP,0,,,,,,,,
unused,,,,,,GE Fuzion Ribbon Long GRP,GRP,0,,,,,,,,
unused,,,,,,GE Fuzion Ribon Sm GRP,GRP,0,,,,,,,,
unused,,,,,,GE Fuzion Ring GRP,GRP,0,,,,,,,,
unused,,,,,,GE Fuzion Spaceship Even GRP,GRP,0,,,,,,,,
unused,,,,,,GE Fuzion Spaceship Odd GRP,GRP,0,,,,,,,,
unused,,,,,,GE Fuzion Spoke GRP,GRP,0,,,,,,,,
unused,,,,,,GE Fuzion Star 1 GRP,GRP,0,,,,,,,,
unused,,,,,,GE Fuzion Star 2 GRP,GRP,0,,,,,,,,
unused,,,,,,GE Fuzion Stars GRP,GRP,0,,,,,,,,
unused,,,,,,GE Fuzion Triangle Lg GRP,GRP,0,,,,,,,,
unused,,,,,,GE Fuzion Windmill Lg Even GRP,GRP,0,,,,,,,,
unused,,,,,,GE Fuzion Windmill Lg Odd GRP,GRP,0,,,,,,,,
unused,,,,,,GE Fuzion Windmill Sm Even GRP,GRP,0,,,,,,,,
unused,,,,,,GE Fuzion Windmill Sm Odd GRP,GRP,0,,,,,,,,
unused,,,,,,Spinners - Fuzion - Submodels - GRP,GRP,0,,,,,,,,
unused,,,,,,All - Fireworks - GRP,GRP,0,,,,,,,,
unused,,,,,,S - Big Petals - Odd,GRP,0,,,,,,,,
unused,,,,,,S - Big Petals - Even,GRP,0,,,,,,,,
unused,,,,,,S - Cascading Arches - Even,GRP,0,,,,,,,,
unused,,,,,,S - Cascading Arches - Odd,GRP,0,,,,,,,,
unused,,,,,,S - Center Balls - Even,GRP,0,,,,,,,,
unused,,,,,,S - Center Balls - Odd,GRP,0,,,,,,,,
unused,,,,,,S - Circles - Even,GRP,0,,,,,,,,
unused,,,,,,S - Circles - Odd,GRP,0,,,,,,,,
unused,,,,,,S - Half Willow,GRP,0,,,,,,,,
unused,,,,,,S - Iris,GRP,0,,,,,,,,
unused,,,,,,S - Leaf - Even,GRP,0,,,,,,,,
unused,,,,,,S - Leaf - Odd,GRP,0,,,,,,,,
unused,,,,,,S - Lightning,GRP,0,,,,,,,,
unused,,,,,,S - Pupil,GRP,0,,,,,,,,
unused,,,,,,S - Spinners - All,GRP,0,,,,,,,,
unused,,,,,,S - Whites,GRP,0,,,,,,,,
unused,,,,,,All - Poles - GRP,GRP,0,,,,,,,,
unused,,,,,,All - Yard Left - GRP,GRP,0,,,,,,,,
unused,,,,,,All - Pixel Forest - GRP,GRP,0,,,,,,,,
unused,,,,,,FOLDER - Misc Groups,GRP,0,,,,,,,,
unused,,,,,,GE Overloard Desparado Even GRP,GRP,0,,,,,,,,
unused,,,,,,GE Overlord Arrow GRP,GRP,0,,,,,,,,
unused,,,,,,GE Overlord Desparado All GRP,GRP,0,,,,,,,,
unused,,,,,,GE Overlord Desparado Odd GRP,GRP,0,,,,,,,,
unused,,,,,,GE Overlord Friction GRP,GRP,0,,,,,,,,
unused,,,,,,GE Overlord GRP,GRP,0,,,,,,,,
unused,,,,,,GE Overlord Lolli GRP,GRP,0,,,,,,,,
unused,,,,,,GE Overlord Noose All GRP,GRP,0,,,,,,,,
unused,,,,,,GE Overlord Noose Even GRP,GRP,0,,,,,,,,
unused,,,,,,GE Overlord Off Limits All GRP,GRP,0,,,,,,,,
unused,,,,,,GE Overlord Off Limits Even GRP,GRP,0,,,,,,,,
unused,,,,,,GE Overlord Off Limits Odd GRP,GRP,0,,,,,,,,
unused,,,,,,GE Overlord Outer Edge All GRP,GRP,0,,,,,,,,
unused,,,,,,GE Overlord Outer Edge Even GRP,GRP,0,,,,,,,,
unused,,,,,,GE Overlord Outer Edge Odd GRP,GRP,0,,,,,,,,
unused,,,,,,GE Overlord Points All GRP,GRP,0,,,,,,,,
unused,,,,,,GE Overlord Points Even GRP,GRP,0,,,,,,,,
unused,,,,,,GE Overlord Points Odd GRP,GRP,0,,,,,,,,
unused,,,,,,GE Overlord So Hot GRP,GRP,0,,,,,,,,
unused,,,,,,GE Overlord Spiral GRP,GRP,0,,,,,,,,
unused,,,,,,GE Overlord Sporks GRP,GRP,0,,,,,,,,
unused,,,,,,GE Overlord Noose Odd GRP,GRP,0,,,,,,,,
unused,,,,,,GE Rosa Grande  Spoke Mini GRP,GRP,0,,,,,,,,
unused,,,,,,GE Rosa Grande Feather Long Even GRP,GRP,0,,,,,,,,
unused,,,,,,GE Rosa Grande Feather Long GRP,GRP,0,,,,,,,,
unused,,,,,,GE Rosa Grande Feather Long Odd GRP,GRP,0,,,,,,,,
unused,,,,,,GE Rosa Grande Feather Short Even GRP,GRP,0,,,,,,,,
unused,,,,,,GE Rosa Grande Feather Short GRP,GRP,0,,,,,,,,
unused,,,,,,GE Rosa Grande Feather Short Odd GRP,GRP,0,,,,,,,,
unused,,,,,,GE Rosa Grande Flower GRP,GRP,0,,,,,,,,
unused,,,,,,GE Rosa Grande GRP,GRP,0,,,,,,,,
unused,,,,,,GE Rosa Grande Hook CCW GRP,GRP,0,,,,,,,,
unused,,,,,,GE Rosa Grande Hook CW GRP,GRP,0,,,,,,,,
unused,,,,,,GE Rosa Grande Outer Ball GRP,GRP,0,,,,,,,,
unused,,,,,,GE Rosa Grande Outer Ring GRP,GRP,0,,,,,,,,
unused,,,,,,GE Rosa Grande Ribbon GRP,GRP,0,,,,,,,,
unused,,,,,,GE Rosa Grande Ring GRP,GRP,0,,,,,,,,
unused,,,,,,GE Rosa Grande Snowflake Spoke GRP,GRP,0,,,,,,,,
unused,,,,,,GE Rosa Grande Spoke GRP,GRP,0,,,,,,,,
unused,,,,,,GE Rosa Grande Torch Long Even GRP,GRP,0,,,,,,,,
unused,,,,,,GE Rosa Grande Torch Long GRP,GRP,0,,,,,,,,
unused,,,,,,GE Rosa Grande Torch Long Odd GRP,GRP,0,,,,,,,,
unused,,,,,,GE Rosa Grande Torch Short Even GRP,GRP,0,,,,,,,,
unused,,,,,,GE Rosa Grande Torch Short GRP,GRP,0,,,,,,,,
unused,,,,,,GE Rosa Grande Torch Short Odd GRP,GRP,0,,,,,,,,
unused,,,,,,GE Rosa Grande Wavy GRP,GRP,0,,,,,,,,
unused,,,,,,GE Rosa Grande Web Ring GRP,GRP,0,,,,,,,,
unused,,,,,,GE Rosa Grande Web Spoke GRP,GRP,0,,,,,,,,
unused,,,,,,Spinners - Overlord - Submodels - GRP,GRP,0,,,,,,,,
unused,,,,,,Spinners - Rosa Grande - Submodels - GRP,GRP,0,,,,,,,,
unused,,,,,,GE CC Boom Cone All GRP,GRP,0,,,,,,,,
unused,,,,,,GE CC Boom Cone Even GRP,GRP,0,,,,,,,,
unused,,,,,,GE CC Boom Cone Odd GRP,GRP,0,,,,,,,,
unused,,,,,,GE CC Boom Cone SM All GRP,GRP,0,,,,,,,,
unused,,,,,,GE CC Boom Cone SM Odd GRP,GRP,0,,,,,,,,
unused,,,,,,GE CC Boom Cone Small Even GRP,GRP,0,,,,,,,,
unused,,,,,,GE CC Boom Cones All GRP Model,GRP,0,,,,,,,,
unused,,,,,,GE CC Boom Cones SM-LG All GRP,GRP,0,,,,,,,,
unused,,,,,,GE CC Boom Finger GRP,GRP,0,,,,,,,,
unused,,,,,,GE CC Boom GRP,GRP,0,,,,,,,,
unused,,,,,,GE CC Boom Outline GRP,GRP,0,,,,,,,,
unused,,,,,,GE CC Boom Outside Ball GRP,GRP,0,,,,,,,,
unused,,,,,,GE CC Boom Piece of Work GRP,GRP,0,,,,,,,,
unused,,,,,,GE CC Boom Piece of Work GRP Model,GRP,0,,,,,,,,
unused,,,,,,GE CC Boom Pull My Finger GRP,GRP,0,,,,,,,,
unused,,,,,,GE CC Boom Pull my Finger GRP Model,GRP,0,,,,,,,,
unused,,,,,,GE CC Boom Snarfle GRP Model,GRP,0,,,,,,,,
unused,,,,,,GE CC Boom Snarlfle GRP,GRP,0,,,,,,,,
unused,,,,,,GE CC Boom Spokes Inner GRP,GRP,0,,,,,,,,
unused,,,,,,GE CC Boom Star GRP,GRP,0,,,,,,,,
unused,,,,,,GE CC Boom Stigma GRP,GRP,0,,,,,,,,
unused,,,,,,GE CC Boom Stigma GRP Model,GRP,0,,,,,,,,
unused,,,,,,GE CC Boom Strangness GRP,GRP,0,,,,,,,,
unused,,,,,,GE CC Boom Strangness Model,GRP,0,,,,,,,,
unused,,,,,,GE CC Boom Thelma GRP,GRP,0,,,,,,,,
unused,,,,,,GE CC Boom Thelma GRP Model,GRP,0,,,,,,,,
unused,,,,,,GE Click Click Boom Pull My Finger GRP,GRP,0,,,,,,,,
unused,,,,,,All - Spiral Trees - GRP,GRP,0,,,,,,,,
unused,,,,,,GE Preying Spider 350 Cross GRP,GRP,0,,,,,,,,
unused,,,,,,GE Preying Spider 350 GRP,GRP,0,,,,,,,,
unused,,,,,,GE Preying Spider 350 Leg GRP,GRP,0,,,,,,,,
unused,,,,,,GE Preying Spider 350 Mouth GRP,GRP,0,,,,,,,,
unused,,,,,,GE Preying Spider 350 Outline GRP,GRP,0,,,,,,,,
unused,,,,,,GE Preying Spider Body GRP,GRP,0,,,,,,,,
unused,,,,,,GE Preying Spider Crawly GRP,GRP,0,,,,,,,,
unused,,,,,,GE Preying Spider Eye GRP,GRP,0,,,,,,,,
unused,,,,,,GE Preying Spiders ALL GRP,GRP,0,,,,,,,,
unused,,,,,,All - Bats - GRP,GRP,0,,,,,,,,
unused,,,,,,Spinners - CC Boom - Submodels - GRP,GRP,0,,,,,,,,
unused,,,,,,All - Bat Eyes - GRP,GRP,0,,,,,,,,
unused,,,,,,All - Mini Pumpkin Eyes - GRP,GRP,0,,,,,,,,
unused,,,,,,All - Spider Eyes - GRP,GRP,0,,,,,,,,
unused,,,,,,All - Bat Outlines - GRP,GRP,0,,,,,,,,
unused,,,,,,All - Tombstone RIPs - GRP,GRP,0,,,,,,,,
unused,,,,,,All - Tombstone Arches - GRP,GRP,0,,,,,,,,
unused,,,,,,All - Tombstone Small Borders - GRP,GRP,0,,,,,,,,
unused,,,,,,All - Spider Legs - GRP,GRP,0,,,,,,,,
unused,,,,,,GE Rosa Tomb Bat Body GRP,GRP,0,,,,,,,,
unused,,,,,,GE Rosa Tomb Cross Ring GRP,GRP,0,,,,,,,,
unused,,,,,,GE Rosa Tomb Cross Spinner GRP,GRP,0,,,,,,,,
unused,,,,,,GE Rosa Tomb Eyes GRP,GRP,0,,,,,,,,
unused,,,,,,GE Rosa Tomb Flake GRP,GRP,0,,,,,,,,
unused,,,,,,GE Rosa Tomb GRP,GRP,0,,,,,,,,
unused,,,,,,GE Rosa Tomb Gourds GRP,GRP,0,,,,,,,,
unused,,,,,,GE Rosa Tomb Highlilghts GRP,GRP,0,,,,,,,,
unused,,,,,,GE Rosa Tomb Paddles GRP,GRP,0,,,,,,,,
unused,,,,,,GE Rosa Tomb Rings GRP,GRP,0,,,,,,,,
unused,,,,,,GE Rosa Tomb Spokes GRP,GRP,0,,,,,,,,
unused,,,,,,GE Rosa Tomb Stars GRP,GRP,0,,,,,,,,
unused,,,,,,GE Rosa Tomb Tomb Ring GRP,GRP,0,,,,,,,,
unused,,,,,,GE Rosa Tomb Tomb Spokes GRP,GRP,0,,,,,,,,
unused,,,,,,GE Rosa Tomb Tombstone Lower GRP,GRP,0,,,,,,,,
unused,,,,,,GE Rosa Tomb Warp GRP,GRP,0,,,,,,,,
unused,,,,,,GE Rosa Tomb Wings GRP,GRP,0,,,,,,,,
unused,,,,,,Yard Only,GRP,0,,,,,,,,
unused,,,,,,All - Trees - Real - GRP,GRP,0,,,,,,,,
unused,,,,,,Tree - Real 1,GRP,0,,,,,,,,
unused,,,,,,FOLDER - Rosa Tomb Groups,GRP,0,,,,,,,,
unused,,,,,,All - Tombstones GE Rosa - GRP,GRP,0,,,,,,,,
unused,,,,,,GE Rosa Tomb Cross Outline GRP,GRP,0,,,,,,,,
unused,,,,,,All - Tombstones - Old - GRP,GRP,0,,,,,,,,
